Workbook

Sheet Σύνοψη
A1: Anbit – Σύνοψη καμπάνιας Instagram
A2: Λογαριασμοί που συγκεντρώθηκαν στις 08/10/2026. Οι αριθμοί ενημερώνονται μόνοι τους.
A4: Πόλη | B4: A | C4: B | D4: C | E4: Σύνολο
A5: Αθήνα | B5: =COUNTIFS(Λογαριασμοί!$F$5:$F$203,$A5,Λογαριασμοί!$I$5:$I$203,"A") -> 63 | C5: =COUNTIFS(Λογαριασμοί!$F$5:$F$203,$A5,Λογαριασμοί!$I$5:$I$203,"B") -> 34 | D5: =COUNTIFS(Λογαριασμοί!$F$5:$F$203,$A5,Λογαριασμοί!$I$5:$I$203,"C") -> 9 | E5: =SUM(B5:D5) -> 106
A6: Θεσσαλονίκη | B6: =COUNTIFS(Λογαριασμοί!$F$5:$F$203,$A6,Λογαριασμοί!$I$5:$I$203,"A") -> 42 | C6: =COUNTIFS(Λογαριασμοί!$F$5:$F$203,$A6,Λογαριασμοί!$I$5:$I$203,"B") -> 48 | D6: =COUNTIFS(Λογαριασμοί!$F$5:$F$203,$A6,Λογαριασμοί!$I$5:$I$203,"C") -> 3 | E6: =SUM(B6:D6) -> 93
A7: Σύνολο | B7: =SUM(B5:B6) -> 105 | C7: =SUM(C5:C6) -> 82 | D7: =SUM(D5:D6) -> 12 | E7: =SUM(E5:E6) -> 199
A9: Κατάσταση | B9: Αθήνα | C9: Θεσσαλονίκη | D9: Σύνολο
A10: Δεν στάλθηκε | B10: =COUNTIFS(Λογαριασμοί!$L$5:$L$203,$A10,Λογαριασμοί!$F$5:$F$203,"Αθήνα") -> 106 | C10: =COUNTIFS(Λογαριασμοί!$L$5:$L$203,$A10,Λογαριασμοί!$F$5:$F$203,"Θεσσαλονίκη") -> 93 | D10: =B10+C10 -> 199
A11: Στάλθηκε | B11: =COUNTIFS(Λογαριασμοί!$L$5:$L$203,$A11,Λογαριασμοί!$F$5:$F$203,"Αθήνα") -> 0 | C11: =COUNTIFS(Λογαριασμοί!$L$5:$L$203,$A11,Λογαριασμοί!$F$5:$F$203,"Θεσσαλονίκη") -> 0 | D11: =B11+C11 -> 0
A12: Follow-up στάλθηκε | B12: =COUNTIFS(Λογαριασμοί!$L$5:$L$203,$A12,Λογαριασμοί!$F$5:$F$203,"Αθήνα") -> 0 | C12: =COUNTIFS(Λογαριασμοί!$L$5:$L$203,$A12,Λογαριασμοί!$F$5:$F$203,"Θεσσαλονίκη") -> 0 | D12: =B12+C12 -> 0
A13: Ενδιαφέρεται | B13: =COUNTIFS(Λογαριασμοί!$L$5:$L$203,$A13,Λογαριασμοί!$F$5:$F$203,"Αθήνα") -> 0 | C13: =COUNTIFS(Λογαριασμοί!$L$5:$L$203,$A13,Λογαριασμοί!$F$5:$F$203,"Θεσσαλονίκη") -> 0 | D13: =B13+C13 -> 0
A14: Ραντεβού / Demo | B14: =COUNTIFS(Λογαριασμοί!$L$5:$L$203,$A14,Λογαριασμοί!$F$5:$F$203,"Αθήνα") -> 0 | C14: =COUNTIFS(Λογαριασμοί!$L$5:$L$203,$A14,Λογαριασμοί!$F$5:$F$203,"Θεσσαλονίκη") -> 0 | D14: =B14+C14 -> 0
A15: Συνεργάτης | B15: =COUNTIFS(Λογαριασμοί!$L$5:$L$203,$A15,Λογαριασμοί!$F$5:$F$203,"Αθήνα") -> 0 | C15: =COUNTIFS(Λογαριασμοί!$L$5:$L$203,$A15,Λογαριασμοί!$F$5:$F$203,"Θεσσαλονίκη") -> 0 | D15: =B15+C15 -> 0
A16: Δεν ενδιαφέρεται | B16: =COUNTIFS(Λογαριασμοί!$L$5:$L$203,$A16,Λογαριασμοί!$F$5:$F$203,"Αθήνα") -> 0 | C16: =COUNTIFS(Λογαριασμοί!$L$5:$L$203,$A16,Λογαριασμοί!$F$5:$F$203,"Θεσσαλονίκη") -> 0 | D16: =B16+C16 -> 0
A17: Δεν απάντησε | B17: =COUNTIFS(Λογαριασμοί!$L$5:$L$203,$A17,Λογαριασμοί!$F$5:$F$203,"Αθήνα") -> 0 | C17: =COUNTIFS(Λογαριασμοί!$L$5:$L$203,$A17,Λογαριασμοί!$F$5:$F$203,"Θεσσαλονίκη") -> 0 | D17: =B17+C17 -> 0
A19: Ποσοστό απάντησης | B19: =IF((COUNTA(Λογαριασμοί!$L$5:$L$203)-COUNTIF(Λογαριασμοί!$L$5:$L$203,"Δεν στάλθηκε"))=0,0,(COUNTIF(Λογαριασμοί!$L$5:$L$203,"Ενδιαφέρεται")+COUNTIF(Λογαριασμοί!$L$5:$L$203,"Ραντεβού / Demo")+COUNTIF(Λογαριασμοί!$L$5:$L$203,"Συνεργάτης")+COUNTIF(Λογαριασμοί!$L$5:$L$203,"Δεν ενδιαφέρεται"))/(COUNTA(Λογαριασμοί!$L$5:$L$203)-COUNTIF(Λογαριασμοί!$L$5:$L$203,"Δεν στάλθηκε"))) -> 0 | C19: απαντήσεις ÷ μηνύματα που στάλθηκαν
A21: Πώς βγήκε η λίστα & πώς τη χρησιμοποιείς
A22: • Δημόσια επαγγελματικά προφίλ Instagram (καφέ, all-day, brunch, bars, μεζεδοπωλεία, ταβέρνες, street food) σε Αθήνα και Θεσσαλονίκη, μαζί με όσα στοιχεία γράφουν τα ίδια στο bio τους (διεύθυνση, ωράριο, τηλέφωνο).
A23: • Προτεραιότητα A: καφέ / all-day / brunch με τραπέζια και πελάτες που έρχονται συχνά, άρα το καλύτερο ταίριασμα για QR + πόντους. B: bars, ταβέρνες, μεζεδοπωλεία, εστιατόρια, street food. C: κυρίως take away, ζαχαροπλαστεία ή αλυσίδες/franchise.
A24: • Η στήλη «Προς επιβεβαίωση» σημειώνει όσα δεν έγραφαν καθαρά περιοχή ή είδος μαγαζιού. Ρίξε μια ματιά στο προφίλ πριν στείλεις.
A25: • Στείλε από τον επαγγελματικό λογαριασμό της Anbit. Τα μηνύματα σε λογαριασμούς που δεν σε ακολουθούν πάνε στα «Αιτήματα μηνυμάτων», οπότε ένα follow και ένα like πριν το μήνυμα βοηθάνε να το δουν.
A26: • Μην στέλνεις μαζικά: περίπου 20-30 νέα μηνύματα την ημέρα, με λίγο διαφορετικό κείμενο, για να μη σε περιορίσει το Instagram.
A27: • Γράψε την ημερομηνία στο «Ημ/νία 1ου μηνύματος» και το «Follow-up στις» βγαίνει μόνο του 4 μέρες μετά.

Sheet Λογαριασμοί
A1: Anbit – Λογαριασμοί Instagram για συνεργασία (Αθήνα & Θεσσαλονίκη)
A2: Συμπληρώνεις μόνο τις κίτρινες στήλες: Κατάσταση, Ημ/νία 1ου μηνύματος, Σημειώσεις. Το «Στείλε DM» ανοίγει κατευθείαν συνομιλία στο Instagram. Το «Έτοιμο μήνυμα» βγαίνει από το φύλλο Μηνύματα.
A4: # | B4: Κατάστημα | C4: Instagram | D4: Προφίλ | E4: Στείλε DM | F4: Πόλη | G4: Περιοχή / Διεύθυνση | H4: Κατηγορία | I4: Προτεραιότητα | J4: Στοιχεία από το bio | K4: Προς επιβεβαίωση | L4: Κατάσταση | M4: Ημ/νία 1ου μηνύματος | N4: Follow-up στις | O4: Σημειώσεις | P4: Έτοιμο μήνυμα
A5: 1 | B5: Adonis Premises / Alemania's | C5: @adonis_alemanias | D5: Άνοιγμα | E5: Μήνυμα | F5: Αθήνα | G5: Νέα Σμύρνη (25ης Μαρτίου 11) | H5: Κρέας & Μπύρα / Cafe | I5: A | L5: Δεν στάλθηκε | N5: =IF(M5="","",M5+4) | P5: =SUBSTITUTE(SUBSTITUTE(IF(I5="A",Μηνύματα!$B$7,Μηνύματα!$B$8),"{ΚΑΤΑΣΤΗΜΑ}",B5),"{ΟΝΟΜΑ}",Μηνύματα!$B$4) -> Γεια σας! 👋 Είμαι ο/η [Το όνομά σου] από την Anbit (anbit.gr). Μας άρεσε πολύ το Adonis Premises / Alemania's και θα θέλαμε να σας προτείνουμε μια συνεργασία. Η Anbit είναι παραγγελία από το τραπέζι με QR + σύστημα επιβράβευσης πελατών: • Ο πελάτης σκανάρει το QR, βλέπει το μενού με φωτογραφίες (Ελληνικά/Αγγλικά) και παραγγέλνει, χωρίς εφαρμογή • Η παραγγελία έρχεται στο κινητό ή στο tablet σας με τον αριθμό τραπεζιού • Με κάθε παραγγελία μαζεύει πόντους (XP) που εξαργυρώνονται μόνο στο δικό σας μαγαζί, οπότε έχει λόγο να ξαναέρθει • Βλέπετε ποιος έρχεται, πόσο συχνά και τι παίρνει • Δεν αλλάζει τίποτα στο ταμείο: ίδιο POS, 0% προμήθεια, το στήνουμε εμείς σε 10 λεπτά • Δωρεάν προβολή στα TikTok/Instagram της Anbit και στον χάρτη της Anbit Θα σας ενδιέφερε να σας το δείξουμε από κοντά σε 10 λεπτά, όποτε σας βολεύει;
A6: 2 | B6: Aroma Cafe Bar | C6: @aroma.cafe.bar.gizi | D6: Άνοιγμα | E6: Μήνυμα | F6: Αθήνα | G6: Γκύζη | H6: Cafe-Bar / Brunch | I6: A | J6: Από το 1996 | L6: Δεν στάλθηκε | N6: =IF(M6="","",M6+4) | P6: =SUBSTITUTE(SUBSTITUTE(IF(I6="A",Μηνύματα!$B$7,Μηνύματα!$B$8),"{ΚΑΤΑΣΤΗΜΑ}",B6),"{ΟΝΟΜΑ}",Μηνύματα!$B$4) -> Γεια σας! 👋 Είμαι ο/η [Το όνομά σου] από την Anbit (anbit.gr). Μας άρεσε πολύ το Aroma Cafe Bar και θα θέλαμε να σας προτείνουμε μια συνεργασία. Η Anbit είναι παραγγελία από το τραπέζι με QR + σύστημα επιβράβευσης πελατών: • Ο πελάτης σκανάρει το QR, βλέπει το μενού με φωτογραφίες (Ελληνικά/Αγγλικά) και παραγγέλνει, χωρίς εφαρμογή • Η παραγγελία έρχεται στο κινητό ή στο tablet σας με τον αριθμό τραπεζιού • Με κάθε παραγγελία μαζεύει πόντους (XP) που εξαργυρώνονται μόνο στο δικό σας μαγαζί, οπότε έχει λόγο να ξαναέρθει • Βλέπετε ποιος έρχεται, πόσο συχνά και τι παίρνει • Δεν αλλάζει τίποτα στο ταμείο: ίδιο POS, 0% προμήθεια, το στήνουμε εμείς σε 10 λεπτά • Δωρεάν προβολή στα TikTok/Instagram της Anbit και στον χάρτη της Anbit Θα σας ενδιέφερε να σας το δείξουμε από κοντά σε 10 λεπτά, όποτε σας βολεύει;
A7: 3 | B7: Athénée | C7: @atheneeathens | D7: Άνοιγμα | E7: Μήνυμα | F7: Αθήνα | G7: Κέντρο | H7: Cafe-Restaurant | I7: A | J7: Ιστορικό, στον οδηγό Michelin | L7: Δεν στάλθηκε | N7: =IF(M7="","",M7+4) | P7: =SUBSTITUTE(SUBSTITUTE(IF(I7="A",Μηνύματα!$B$7,Μηνύματα!$B$8),"{ΚΑΤΑΣΤΗΜΑ}",B7),"{ΟΝΟΜΑ}",Μηνύματα!$B$4) -> Γεια σας! 👋 Είμαι ο/η [Το όνομά σου] από την Anbit (anbit.gr). Μας άρεσε πολύ το Athénée και θα θέλαμε να σας προτείνουμε μια συνεργασία. Η Anbit είναι παραγγελία από το τραπέζι με QR + σύστημα επιβράβευσης πελατών: • Ο πελάτης σκανάρει το QR, βλέπει το μενού με φωτογραφίες (Ελληνικά/Αγγλικά) και παραγγέλνει, χωρίς εφαρμογή • Η παραγγελία έρχεται στο κινητό ή στο tablet σας με τον αριθμό τραπεζιού • Με κάθε παραγγελία μαζεύει πόντους (XP) που εξαργυρώνονται μόνο στο δικό σας μαγαζί, οπότε έχει λόγο να ξαναέρθει • Βλέπετε ποιος έρχεται, πόσο συχνά και τι παίρνει • Δεν αλλάζει τίποτα στο ταμείο: ίδιο POS, 0% προμήθεια, το στήνουμε εμείς σε 10 λεπτά • Δωρεάν προβολή στα TikTok/Instagram της Anbit και στον χάρτη της Anbit Θα σας ενδιέφερε να σας το δείξουμε από κοντά σε 10 λεπτά, όποτε σας βολεύει;
A8: 4 | B8: BAR IDEAL | C8: @im.notinathens | D8: Άνοιγμα | E8: Μήνυμα | F8: Αθήνα | G8: Κέντρο | H8: Coffee & Spirits / Hi-Fi bar | I8: A | J8: 09:00-03:00 | L8: Δεν στάλθηκε | N8: =IF(M8="","",M8+4) | P8: =SUBSTITUTE(SUBSTITUTE(IF(I8="A",Μηνύματα!$B$7,Μηνύματα!$B$8),"{ΚΑΤΑΣΤΗΜΑ}",B8),"{ΟΝΟΜΑ}",Μηνύματα!$B$4) -> Γεια σας! 👋 Είμαι ο/η [Το όνομά σου] από την Anbit (anbit.gr). Μας άρεσε πολύ το BAR IDEAL και θα θέλαμε να σας προτείνουμε μια συνεργασία. Η Anbit είναι παραγγελία από το τραπέζι με QR + σύστημα επιβράβευσης πελατών: • Ο πελάτης σκανάρει το QR, βλέπει το μενού με φωτογραφίες (Ελληνικά/Αγγλικά) και παραγγέλνει, χωρίς εφαρμογή • Η παραγγελία έρχεται στο κινητό ή στο tablet σας με τον αριθμό τραπεζιού • Με κάθε παραγγελία μαζεύει πόντους (XP) που εξαργυρώνονται μόνο στο δικό σας μαγαζί, οπότε έχει λόγο να ξαναέρθει • Βλέπετε ποιος έρχεται, πόσο συχνά και τι παίρνει • Δεν αλλάζει τίποτα στο ταμείο: ίδιο POS, 0% προμήθεια, το στήνουμε εμείς σε 10 λεπτά • Δωρεάν προβολή στα TikTok/Instagram της Anbit και στον χάρτη της Anbit Θα σας ενδιέφερε να σας το δείξουμε από κοντά σε 10 λεπτά, όποτε σας βολεύει;
A9: 5 | B9: Barista's Nea Smyrni | C9: @baristas_neasmirni | D9: Άνοιγμα | E9: Μήνυμα | F9: Αθήνα | G9: Νέα Σμύρνη (Λ. Ελ. Βενιζέλου 140) | H9: Coffee | I9: A | L9: Δεν στάλθηκε | N9: =IF(M9="","",M9+4) | P9: =SUBSTITUTE(SUBSTITUTE(IF(I9="A",Μηνύματα!$B$7,Μηνύματα!$B$8),"{ΚΑΤΑΣΤΗΜΑ}",B9),"{ΟΝΟΜΑ}",Μηνύματα!$B$4) -> Γεια σας! 👋 Είμαι ο/η [Το όνομά σου] από την Anbit (anbit.gr). Μας άρεσε πολύ το Barista's Nea Smyrni και θα θέλαμε να σας προτείνουμε μια συνεργασία. Η Anbit είναι παραγγελία από το τραπέζι με QR + σύστημα επιβράβευσης πελατών: • Ο πελάτης σκανάρει το QR, βλέπει το μενού με φωτογραφίες (Ελληνικά/Αγγλικά) και παραγγέλνει, χωρίς εφαρμογή • Η παραγγελία έρχεται στο κινητό ή στο tablet σας με τον αριθμό τραπεζιού • Με κάθε παραγγελία μαζεύει πόντους (XP) που εξαργυρώνονται μόνο στο δικό σας μαγαζί, οπότε έχει λόγο να ξαναέρθει • Βλέπετε ποιος έρχεται, πόσο συχνά και τι παίρνει • Δεν αλλάζει τίποτα στο ταμείο: ίδιο POS, 0% προμήθεια, το στήνουμε εμείς σε 10 λεπτά • Δωρεάν προβολή στα TikTok/Instagram της Anbit και στον χάρτη της Anbit Θα σας ενδιέφερε να σας το δείξουμε από κοντά σε 10 λεπτά, όποτε σας βολεύει;
A10: 6 | B10: Bistro Cafe | C10: @bistro_cafe_bar_restaurant | D10: Άνοιγμα | E10: Μήνυμα | F10: Αθήνα | G10: Γαλάτσι | H10: All-day Cafe-Restaurant-Cocktail bar | I10: A | L10: Δεν στάλθηκε | N10: =IF(M10="","",M10+4) | P10: =SUBSTITUTE(SUBSTITUTE(IF(I10="A",Μηνύματα!$B$7,Μηνύματα!$B$8),"{ΚΑΤΑΣΤΗΜΑ}",B10),"{ΟΝΟΜΑ}",Μηνύματα!$B$4) -> Γεια σας! 👋 Είμαι ο/η [Το όνομά σου] από την Anbit (anbit.gr). Μας άρεσε πολύ το Bistro Cafe και θα θέλαμε να σας προτείνουμε μια συνεργασία. Η Anbit είναι παραγγελία από το τραπέζι με QR + σύστημα επιβράβευσης πελατών: • Ο πελάτης σκανάρει το QR, βλέπει το μενού με φωτογραφίες (Ελληνικά/Αγγλικά) και παραγγέλνει, χωρίς εφαρμογή • Η παραγγελία έρχεται στο κινητό ή στο tablet σας με τον αριθμό τραπεζιού • Με κάθε παραγγελία μαζεύει πόντους (XP) που εξαργυρώνονται μόνο στο δικό σας μαγαζί, οπότε έχει λόγο να ξαναέρθει • Βλέπετε ποιος έρχεται, πόσο συχνά και τι παίρνει • Δεν αλλάζει τίποτα στο ταμείο: ίδιο POS, 0% προμήθεια, το στήνουμε εμείς σε 10 λεπτά • Δωρεάν προβολή στα TikTok/Instagram της Anbit και στον χάρτη της Anbit Θα σας ενδιέφερε να σας το δείξουμε από κοντά σε 10 λεπτά, όποτε σας βολεύει;
A11: 7 | B11: Black Duck Museum Bistro | C11: @black_duck_athens | D11: Άνοιγμα | E11: Μήνυμα | F11: Αθήνα | G11: Κέντρο | H11: All-day Bistro / Brunch | I11: A | J11: Κρατήσεις τραπεζιών | L11: Δεν στάλθηκε | N11: =IF(M11="","",M11+4) | P11: =SUBSTITUTE(SUBSTITUTE(IF(I11="A",Μηνύματα!$B$7,Μηνύματα!$B$8),"{ΚΑΤΑΣΤΗΜΑ}",B11),"{ΟΝΟΜΑ}",Μηνύματα!$B$4) -> Γεια σας! 👋 Είμαι ο/η [Το όνομά σου] από την Anbit (anbit.gr). Μας άρεσε πολύ το Black Duck Museum Bistro και θα θέλαμε να σας προτείνουμε μια συνεργασία. Η Anbit είναι παραγγελία από το τραπέζι με QR + σύστημα επιβράβευσης πελατών: • Ο πελάτης σκανάρει το QR, βλέπει το μενού με φωτογραφίες (Ελληνικά/Αγγλικά) και παραγγέλνει, χωρίς εφαρμογή • Η παραγγελία έρχεται στο κινητό ή στο tablet σας με τον αριθμό τραπεζιού • Με κάθε παραγγελία μαζεύει πόντους (XP) που εξαργυρώνονται μόνο στο δικό σας μαγαζί, οπότε έχει λόγο να ξαναέρθει • Βλέπετε ποιος έρχεται, πόσο συχνά και τι παίρνει • Δεν αλλάζει τίποτα στο ταμείο: ίδιο POS, 0% προμήθεια, το στήνουμε εμείς σε 10 λεπτά • Δωρεάν προβολή στα TikTok/Instagram της Anbit και στον χάρτη της Anbit Θα σας ενδιέφερε να σας το δείξουμε από κοντά σε 10 λεπτά, όποτε σας βολεύει;
A12: 8 | B12: Branch | C12: @branch.athens | D12: Άνοιγμα | E12: Μήνυμα | F12: Αθήνα | G12: Πανόρμου | H12: All-day Cafe-Bar-Restaurant | I12: A | J12: Brunch, lunch, dinner, cocktails | L12: Δεν στάλθηκε | N12: =IF(M12="","",M12+4) | P12: =SUBSTITUTE(SUBSTITUTE(IF(I12="A",Μηνύματα!$B$7,Μηνύματα!$B$8),"{ΚΑΤΑΣΤΗΜΑ}",B12),"{ΟΝΟΜΑ}",Μηνύματα!$B$4) -> Γεια σας! 👋 Είμαι ο/η [Το όνομά σου] από την Anbit (anbit.gr). Μας άρεσε πολύ το Branch και θα θέλαμε να σας προτείνουμε μια συνεργασία. Η Anbit είναι παραγγελία από το τραπέζι με QR + σύστημα επιβράβευσης πελατών: • Ο πελάτης σκανάρει το QR, βλέπει το μενού με φωτογραφίες (Ελληνικά/Αγγλικά) και παραγγέλνει, χωρίς εφαρμογή • Η παραγγελία έρχεται στο κινητό ή στο tablet σας με τον αριθμό τραπεζιού • Με κάθε παραγγελία μαζεύει πόντους (XP) που εξαργυρώνονται μόνο στο δικό σας μαγαζί, οπότε έχει λόγο να ξαναέρθει • Βλέπετε ποιος έρχεται, πόσο συχνά και τι παίρνει • Δεν αλλάζει τίποτα στο ταμείο: ίδιο POS, 0% προμήθεια, το στήνουμε εμείς σε 10 λεπτά • Δωρεάν προβολή στα TikTok/Instagram της Anbit και στον χάρτη της Anbit Θα σας ενδιέφερε να σας το δείξουμε από κοντά σε 10 λεπτά, όποτε σας βολεύει;
A13: 9 | B13: Braziliana | C13: @brazilianabar | D13: Άνοιγμα | E13: Μήνυμα | F13: Αθήνα | G13: Άνω Πετράλωνα (Αρκάδων 4) | H13: All-day Bar | I13: A | L13: Δεν στάλθηκε | N13: =IF(M13="","",M13+4) | P13: =SUBSTITUTE(SUBSTITUTE(IF(I13="A",Μηνύματα!$B$7,Μηνύματα!$B$8),"{ΚΑΤΑΣΤΗΜΑ}",B13),"{ΟΝΟΜΑ}",Μηνύματα!$B$4) -> Γεια σας! 👋 Είμαι ο/η [Το όνομά σου] από την Anbit (anbit.gr). Μας άρεσε πολύ το Braziliana και θα θέλαμε να σας προτείνουμε μια συνεργασία. Η Anbit είναι παραγγελία από το τραπέζι με QR + σύστημα επιβράβευσης πελατών: • Ο πελάτης σκανάρει το QR, βλέπει το μενού με φωτογραφίες (Ελληνικά/Αγγλικά) και παραγγέλνει, χωρίς εφαρμογή • Η παραγγελία έρχεται στο κινητό ή στο tablet σας με τον αριθμό τραπεζιού • Με κάθε παραγγελία μαζεύει πόντους (XP) που εξαργυρώνονται μόνο στο δικό σας μαγαζί, οπότε έχει λόγο να ξαναέρθει • Βλέπετε ποιος έρχεται, πόσο συχνά και τι παίρνει • Δεν αλλάζει τίποτα στο ταμείο: ίδιο POS, 0% προμήθεια, το στήνουμε εμείς σε 10 λεπτά • Δωρεάν προβολή στα TikTok/Instagram της Anbit και στον χάρτη της Anbit Θα σας ενδιέφερε να σας το δείξουμε από κοντά σε 10 λεπτά, όποτε σας βολεύει;
A14: 10 | B14: Bunkok | C14: @bunkok.glyfada | D14: Άνοιγμα | E14: Μήνυμα | F14: Αθήνα | G14: Γλυφάδα | H14: Bakery-Brunch-Coffee | I14: A | J14: 07:00-20:00 καθημερινά | L14: Δεν στάλθηκε | N14: =IF(M14="","",M14+4) | P14: =SUBSTITUTE(SUBSTITUTE(IF(I14="A",Μηνύματα!$B$7,Μηνύματα!$B$8),"{ΚΑΤΑΣΤΗΜΑ}",B14),"{ΟΝΟΜΑ}",Μηνύματα!$B$4) -> Γεια σας! 👋 Είμαι ο/η [Το όνομά σου] από την Anbit (anbit.gr). Μας άρεσε πολύ το Bunkok και θα θέλαμε να σας προτείνουμε μια συνεργασία. Η Anbit είναι παραγγελία από το τραπέζι με QR + σύστημα επιβράβευσης πελατών: • Ο πελάτης σκανάρει το QR, βλέπει το μενού με φωτογραφίες (Ελληνικά/Αγγλικά) και παραγγέλνει, χωρίς εφαρμογή • Η παραγγελία έρχεται στο κινητό ή στο tablet σας με τον αριθμό τραπεζιού • Με κάθε παραγγελία μαζεύει πόντους (XP) που εξαργυρώνονται μόνο στο δικό σας μαγαζί, οπότε έχει λόγο να ξαναέρθει • Βλέπετε ποιος έρχεται, πόσο συχνά και τι παίρνει • Δεν αλλάζει τίποτα στο ταμείο: ίδιο POS, 0% προμήθεια, το στήνουμε εμείς σε 10 λεπτά • Δωρεάν προβολή στα TikTok/Instagram της Anbit και στον χάρτη της Anbit Θα σας ενδιέφερε να σας το δείξουμε από κοντά σε 10 λεπτά, όποτε σας βολεύει;
A15: 11 | B15: Coco Cafe | C15: @cococafebeat | D15: Άνοιγμα | E15: Μήνυμα | F15: Αθήνα | G15: Κυψέλη (Βελβενδού 46) | H15: Cafe / Κρέπες | I15: A | L15: Δεν στάλθηκε | N15: =IF(M15="","",M15+4) | P15: =SUBSTITUTE(SUBSTITUTE(IF(I15="A",Μηνύματα!$B$7,Μηνύματα!$B$8),"{ΚΑΤΑΣΤΗΜΑ}",B15),"{ΟΝΟΜΑ}",Μηνύματα!$B$4) -> Γεια σας! 👋 Είμαι ο/η [Το όνομά σου] από την Anbit (anbit.gr). Μας άρεσε πολύ το Coco Cafe και θα θέλαμε να σας προτείνουμε μια συνεργασία. Η Anbit είναι παραγγελία από το τραπέζι με QR + σύστημα επιβράβευσης πελατών: • Ο πελάτης σκανάρει το QR, βλέπει το μενού με φωτογραφίες (Ελληνικά/Αγγλικά) και παραγγέλνει, χωρίς εφαρμογή • Η παραγγελία έρχεται στο κινητό ή στο tablet σας με τον αριθμό τραπεζιού • Με κάθε παραγγελία μαζεύει πόντους (XP) που εξαργυρώνονται μόνο στο δικό σας μαγαζί, οπότε έχει λόγο να ξαναέρθει • Βλέπετε ποιος έρχεται, πόσο συχνά και τι παίρνει • Δεν αλλάζει τίποτα στο ταμείο: ίδιο POS, 0% προμήθεια, το στήνουμε εμείς σε 10 λεπτά • Δωρεάν προβολή στα TikTok/Instagram της Anbit και στον χάρτη της Anbit Θα σας ενδιέφερε να σας το δείξουμε από κοντά σε 10 λεπτά, όποτε σας βολεύει;
A16: 12 | B16: Coffee N Roses | C16: @coffeenroses_ | D16: Άνοιγμα | E16: Μήνυμα | F16: Αθήνα | G16: Π. Φάληρο (Παρθενώνος 43) | H16: Coffee | I16: A | J16: Παραγγελίες 216 9008380 | L16: Δεν στάλθηκε | N16: =IF(M16="","",M16+4) | P16: =SUBSTITUTE(SUBSTITUTE(IF(I16="A",Μηνύματα!$B$7,Μηνύματα!$B$8),"{ΚΑΤΑΣΤΗΜΑ}",B16),"{ΟΝΟΜΑ}",Μηνύματα!$B$4) -> Γεια σας! 👋 Είμαι ο/η [Το όνομά σου] από την Anbit (anbit.gr). Μας άρεσε πολύ το Coffee N Roses και θα θέλαμε να σας προτείνουμε μια συνεργασία. Η Anbit είναι παραγγελία από το τραπέζι με QR + σύστημα επιβράβευσης πελατών: • Ο πελάτης σκανάρει το QR, βλέπει το μενού με φωτογραφίες (Ελληνικά/Αγγλικά) και παραγγέλνει, χωρίς εφαρμογή • Η παραγγελία έρχεται στο κινητό ή στο tablet σας με τον αριθμό τραπεζιού • Με κάθε παραγγελία μαζεύει πόντους (XP) που εξαργυρώνονται μόνο στο δικό σας μαγαζί, οπότε έχει λόγο να ξαναέρθει • Βλέπετε ποιος έρχεται, πόσο συχνά και τι παίρνει • Δεν αλλάζει τίποτα στο ταμείο: ίδιο POS, 0% προμήθεια, το στήνουμε εμείς σε 10 λεπτά • Δωρεάν προβολή στα TikTok/Instagram της Anbit και στον χάρτη της Anbit Θα σας ενδιέφερε να σας το δείξουμε από κοντά σε 10 λεπτά, όποτε σας βολεύει;
A17: 13 | B17: Colonial Glyfada | C17: @colonialglyfada | D17: Άνοιγμα | E17: Μήνυμα | F17: Αθήνα | G17: Γλυφάδα (Golf) | H17: All-day Cafe-Restaurant | I17: A | J17: Από 08:00 καθημερινά | L17: Δεν στάλθηκε | N17: =IF(M17="","",M17+4) | P17: =SUBSTITUTE(SUBSTITUTE(IF(I17="A",Μηνύματα!$B$7,Μηνύματα!$B$8),"{ΚΑΤΑΣΤΗΜΑ}",B17),"{ΟΝΟΜΑ}",Μηνύματα!$B$4) -> Γεια σας! 👋 Είμαι ο/η [Το όνομά σου] από την Anbit (anbit.gr). Μας άρεσε πολύ το Colonial Glyfada και θα θέλαμε να σας προτείνουμε μια συνεργασία. Η Anbit είναι παραγγελία από το τραπέζι με QR + σύστημα επιβράβευσης πελατών: • Ο πελάτης σκανάρει το QR, βλέπει το μενού με φωτογραφίες (Ελληνικά/Αγγλικά) και παραγγέλνει, χωρίς εφαρμογή • Η παραγγελία έρχεται στο κινητό ή στο tablet σας με τον αριθμό τραπεζιού • Με κάθε παραγγελία μαζεύει πόντους (XP) που εξαργυρώνονται μόνο στο δικό σας μαγαζί, οπότε έχει λόγο να ξαναέρθει • Βλέπετε ποιος έρχεται, πόσο συχνά και τι παίρνει • Δεν αλλάζει τίποτα στο ταμείο: ίδιο POS, 0% προμήθεια, το στήνουμε εμείς σε 10 λεπτά • Δωρεάν προβολή στα TikTok/Instagram της Anbit και στον χάρτη της Anbit Θα σας ενδιέφερε να σας το δείξουμε από κοντά σε 10 λεπτά, όποτε σας βολεύει;
A18: 14 | B18: El Sito Coffee Bar | C18: @el_sito_coffeebar | D18: Άνοιγμα | E18: Μήνυμα | F18: Αθήνα | G18: Γλυφάδα | H18: Coffee Bar | I18: A | K18: Επιβεβαίωσε περιοχή | L18: Δεν στάλθηκε | N18: =IF(M18="","",M18+4) | P18: =SUBSTITUTE(SUBSTITUTE(IF(I18="A",Μηνύματα!$B$7,Μηνύματα!$B$8),"{ΚΑΤΑΣΤΗΜΑ}",B18),"{ΟΝΟΜΑ}",Μηνύματα!$B$4) -> Γεια σας! 👋 Είμαι ο/η [Το όνομά σου] από την Anbit (anbit.gr). Μας άρεσε πολύ το El Sito Coffee Bar και θα θέλαμε να σας προτείνουμε μια συνεργασία. Η Anbit είναι παραγγελία από το τραπέζι με QR + σύστημα επιβράβευσης πελατών: • Ο πελάτης σκανάρει το QR, βλέπει το μενού με φωτογραφίες (Ελληνικά/Αγγλικά) και παραγγέλνει, χωρίς εφαρμογή • Η παραγγελία έρχεται στο κινητό ή στο tablet σας με τον αριθμό τραπεζιού • Με κάθε παραγγελία μαζεύει πόντους (XP) που εξαργυρώνονται μόνο στο δικό σας μαγαζί, οπότε έχει λόγο να ξαναέρθει • Βλέπετε ποιος έρχεται, πόσο συχνά και τι παίρνει • Δεν αλλάζει τίποτα στο ταμείο: ίδιο POS, 0% προμήθεια, το στήνουμε εμείς σε 10 λεπτά • Δωρεάν προβολή στα TikTok/Instagram της Anbit και στον χάρτη της Anbit Θα σας ενδιέφερε να σας το δείξουμε από κοντά σε 10 λεπτά, όποτε σας βολεύει;
A19: 15 | B19: Espressaki Café Bistro | C19: @espressakicafebistro | D19: Άνοιγμα | E19: Μήνυμα | F19: Αθήνα | H19: Cafe-Bistro / Cocktails | I19: A | J19: Σπιτικά γλυκά | K19: Επιβεβαίωσε περιοχή | L19: Δεν στάλθηκε | N19: =IF(M19="","",M19+4) | P19: =SUBSTITUTE(SUBSTITUTE(IF(I19="A",Μηνύματα!$B$7,Μηνύματα!$B$8),"{ΚΑΤΑΣΤΗΜΑ}",B19),"{ΟΝΟΜΑ}",Μηνύματα!$B$4) -> Γεια σας! 👋 Είμαι ο/η [Το όνομά σου] από την Anbit (anbit.gr). Μας άρεσε πολύ το Espressaki Café Bistro και θα θέλαμε να σας προτείνουμε μια συνεργασία. Η Anbit είναι παραγγελία από το τραπέζι με QR + σύστημα επιβράβευσης πελατών: • Ο πελάτης σκανάρει το QR, βλέπει το μενού με φωτογραφίες (Ελληνικά/Αγγλικά) και παραγγέλνει, χωρίς εφαρμογή • Η παραγγελία έρχεται στο κινητό ή στο tablet σας με τον αριθμό τραπεζιού • Με κάθε παραγγελία μαζεύει πόντους (XP) που εξαργυρώνονται μόνο στο δικό σας μαγαζί, οπότε έχει λόγο να ξαναέρθει • Βλέπετε ποιος έρχεται, πόσο συχνά και τι παίρνει • Δεν αλλάζει τίποτα στο ταμείο: ίδιο POS, 0% προμήθεια, το στήνουμε εμείς σε 10 λεπτά • Δωρεάν προβολή στα TikTok/Instagram της Anbit και στον χάρτη της Anbit Θα σας ενδιέφερε να σας το δείξουμε από κοντά σε 10 λεπτά, όποτε σας βολεύει;
A20: 16 | B20: Favela All Day Bar Restaurant | C20: @favela_all_day_bar_restaurant | D20: Άνοιγμα | E20: Μήνυμα | F20: Αθήνα | H20: All-day Bar-Restaurant | I20: A | K20: Επιβεβαίωσε περιοχή | L20: Δεν στάλθηκε | N20: =IF(M20="","",M20+4) | P20: =SUBSTITUTE(SUBSTITUTE(IF(I20="A",Μηνύματα!$B$7,Μηνύματα!$B$8),"{ΚΑΤΑΣΤΗΜΑ}",B20),"{ΟΝΟΜΑ}",Μηνύματα!$B$4) -> Γεια σας! 👋 Είμαι ο/η [Το όνομά σου] από την Anbit (anbit.gr). Μας άρεσε πολύ το Favela All Day Bar Restaurant και θα θέλαμε να σας προτείνουμε μια συνεργασία. Η Anbit είναι παραγγελία από το τραπέζι με QR + σύστημα επιβράβευσης πελατών: • Ο πελάτης σκανάρει το QR, βλέπει το μενού με φωτογραφίες (Ελληνικά/Αγγλικά) και παραγγέλνει, χωρίς εφαρμογή • Η παραγγελία έρχεται στο κινητό ή στο tablet σας με τον αριθμό τραπεζιού • Με κάθε παραγγελία μαζεύει πόντους (XP) που εξαργυρώνονται μόνο στο δικό σας μαγαζί, οπότε έχει λόγο να ξαναέρθει • Βλέπετε ποιος έρχεται, πόσο συχνά και τι παίρνει • Δεν αλλάζει τίποτα στο ταμείο: ίδιο POS, 0% προμήθεια, το στήνουμε εμείς σε 10 λεπτά • Δωρεάν προβολή στα TikTok/Instagram της Anbit και στον χάρτη της Anbit Θα σας ενδιέφερε να σας το δείξουμε από κοντά σε 10 λεπτά, όποτε σας βολεύει;
A21: 17 | B21: Flavour Business Resto Cafe | C21: @flavour.athens | D21: Άνοιγμα | E21: Μήνυμα | F21: Αθήνα | H21: Resto Cafe | I21: A | J21: 07:00-02:00 καθημερινά | K21: Επιβεβαίωσε περιοχή | L21: Δεν στάλθηκε | N21: =IF(M21="","",M21+4) | P21: =SUBSTITUTE(SUBSTITUTE(IF(I21="A",Μηνύματα!$B$7,Μηνύματα!$B$8),"{ΚΑΤΑΣΤΗΜΑ}",B21),"{ΟΝΟΜΑ}",Μηνύματα!$B$4) -> Γεια σας! 👋 Είμαι ο/η [Το όνομά σου] από την Anbit (anbit.gr). Μας άρεσε πολύ το Flavour Business Resto Cafe και θα θέλαμε να σας προτείνουμε μια συνεργασία. Η Anbit είναι παραγγελία από το τραπέζι με QR + σύστημα επιβράβευσης πελατών: • Ο πελάτης σκανάρει το QR, βλέπει το μενού με φωτογραφίες (Ελληνικά/Αγγλικά) και παραγγέλνει, χωρίς εφαρμογή • Η παραγγελία έρχεται στο κινητό ή στο tablet σας με τον αριθμό τραπεζιού • Με κάθε παραγγελία μαζεύει πόντους (XP) που εξαργυρώνονται μόνο στο δικό σας μαγαζί, οπότε έχει λόγο να ξαναέρθει • Βλέπετε ποιος έρχεται, πόσο συχνά και τι παίρνει • Δεν αλλάζει τίποτα στο ταμείο: ίδιο POS, 0% προμήθεια, το στήνουμε εμείς σε 10 λεπτά • Δωρεάν προβολή στα TikTok/Instagram της Anbit και στον χάρτη της Anbit Θα σας ενδιέφερε να σας το δείξουμε από κοντά σε 10 λεπτά, όποτε σας βολεύει;
A22: 18 | B22: G Cafe Bar | C22: @gcafebar | D22: Άνοιγμα | E22: Μήνυμα | F22: Αθήνα | H22: Cafe-Bar | I22: A | K22: Επιβεβαίωσε περιοχή | L22: Δεν στάλθηκε | N22: =IF(M22="","",M22+4) | P22: =SUBSTITUTE(SUBSTITUTE(IF(I22="A",Μηνύματα!$B$7,Μηνύματα!$B$8),"{ΚΑΤΑΣΤΗΜΑ}",B22),"{ΟΝΟΜΑ}",Μηνύματα!$B$4) -> Γεια σας! 👋 Είμαι ο/η [Το όνομά σου] από την Anbit (anbit.gr). Μας άρεσε πολύ το G Cafe Bar και θα θέλαμε να σας προτείνουμε μια συνεργασία. Η Anbit είναι παραγγελία από το τραπέζι με QR + σύστημα επιβράβευσης πελατών: • Ο πελάτης σκανάρει το QR, βλέπει το μενού με φωτογραφίες (Ελληνικά/Αγγλικά) και παραγγέλνει, χωρίς εφαρμογή • Η παραγγελία έρχεται στο κινητό ή στο tablet σας με τον αριθμό τραπεζιού • Με κάθε παραγγελία μαζεύει πόντους (XP) που εξαργυρώνονται μόνο στο δικό σας μαγαζί, οπότε έχει λόγο να ξαναέρθει • Βλέπετε ποιος έρχεται, πόσο συχνά και τι παίρνει • Δεν αλλάζει τίποτα στο ταμείο: ίδιο POS, 0% προμήθεια, το στήνουμε εμείς σε 10 λεπτά • Δωρεάν προβολή στα TikTok/Instagram της Anbit και στον χάρτη της Anbit Θα σας ενδιέφερε να σας το δείξουμε από κοντά σε 10 λεπτά, όποτε σας βολεύει;
A23: 19 | B23: Genesis Coffee Spot | C23: @genesis.athens | D23: Άνοιγμα | E23: Μήνυμα | F23: Αθήνα | G23: Παγκράτι (Ευφράνορος) | H23: Coffee | I23: A | J23: Νέο/μικρό προφίλ, efood & Wolt | L23: Δεν στάλθηκε | N23: =IF(M23="","",M23+4) | P23: =SUBSTITUTE(SUBSTITUTE(IF(I23="A",Μηνύματα!$B$7,Μηνύματα!$B$8),"{ΚΑΤΑΣΤΗΜΑ}",B23),"{ΟΝΟΜΑ}",Μηνύματα!$B$4) -> Γεια σας! 👋 Είμαι ο/η [Το όνομά σου] από την Anbit (anbit.gr). Μας άρεσε πολύ το Genesis Coffee Spot και θα θέλαμε να σας προτείνουμε μια συνεργασία. Η Anbit είναι παραγγελία από το τραπέζι με QR + σύστημα επιβράβευσης πελατών: • Ο πελάτης σκανάρει το QR, βλέπει το μενού με φωτογραφίες (Ελληνικά/Αγγλικά) και παραγγέλνει, χωρίς εφαρμογή • Η παραγγελία έρχεται στο κινητό ή στο tablet σας με τον αριθμό τραπεζιού • Με κάθε παραγγελία μαζεύει πόντους (XP) που εξαργυρώνονται μόνο στο δικό σας μαγαζί, οπότε έχει λόγο να ξαναέρθει • Βλέπετε ποιος έρχεται, πόσο συχνά και τι παίρνει • Δεν αλλάζει τίποτα στο ταμείο: ίδιο POS, 0% προμήθεια, το στήνουμε εμείς σε 10 λεπτά • Δωρεάν προβολή στα TikTok/Instagram της Anbit και στον χάρτη της Anbit Θα σας ενδιέφερε να σας το δείξουμε από κοντά σε 10 λεπτά, όποτε σας βολεύει;
A24: 20 | B24: HUUS Kaffe Fokionos | C24: @huus_fokionos | D24: Άνοιγμα | E24: Μήνυμα | F24: Αθήνα | G24: Κυψέλη | H24: Specialty Coffee | I24: A | J24: Specialty καφές & χειροποίητα κρουασάν, έχει κι άλλα καταστήματα | L24: Δεν στάλθηκε | N24: =IF(M24="","",M24+4) | P24: =SUBSTITUTE(SUBSTITUTE(IF(I24="A",Μηνύματα!$B$7,Μηνύματα!$B$8),"{ΚΑΤΑΣΤΗΜΑ}",B24),"{ΟΝΟΜΑ}",Μηνύματα!$B$4) -> Γεια σας! 👋 Είμαι ο/η [Το όνομά σου] από την Anbit (anbit.gr). Μας άρεσε πολύ το HUUS Kaffe Fokionos και θα θέλαμε να σας προτείνουμε μια συνεργασία. Η Anbit είναι παραγγελία από το τραπέζι με QR + σύστημα επιβράβευσης πελατών: • Ο πελάτης σκανάρει το QR, βλέπει το μενού με φωτογραφίες (Ελληνικά/Αγγλικά) και παραγγέλνει, χωρίς εφαρμογή • Η παραγγελία έρχεται στο κινητό ή στο tablet σας με τον αριθμό τραπεζιού • Με κάθε παραγγελία μαζεύει πόντους (XP) που εξαργυρώνονται μόνο στο δικό σας μαγαζί, οπότε έχει λόγο να ξαναέρθει • Βλέπετε ποιος έρχεται, πόσο συχνά και τι παίρνει • Δεν αλλάζει τίποτα στο ταμείο: ίδιο POS, 0% προμήθεια, το στήνουμε εμείς σε 10 λεπτά • Δωρεάν προβολή στα TikTok/Instagram της Anbit και στον χάρτη της Anbit Θα σας ενδιέφερε να σας το δείξουμε από κοντά σε 10 λεπτά, όποτε σας βολεύει;
A25: 21 | B25: I Cafe Bar | C25: @icafebar | D25: Άνοιγμα | E25: Μήνυμα | F25: Αθήνα | G25: Αργυρούπολη | H25: All-day Cafe-Bar | I25: A | L25: Δεν στάλθηκε | N25: =IF(M25="","",M25+4) | P25: =SUBSTITUTE(SUBSTITUTE(IF(I25="A",Μηνύματα!$B$7,Μηνύματα!$B$8),"{ΚΑΤΑΣΤΗΜΑ}",B25),"{ΟΝΟΜΑ}",Μηνύματα!$B$4) -> Γεια σας! 👋 Είμαι ο/η [Το όνομά σου] από την Anbit (anbit.gr). Μας άρεσε πολύ το I Cafe Bar και θα θέλαμε να σας προτείνουμε μια συνεργασία. Η Anbit είναι παραγγελία από το τραπέζι με QR + σύστημα επιβράβευσης πελατών: • Ο πελάτης σκανάρει το QR, βλέπει το μενού με φωτογραφίες (Ελληνικά/Αγγλικά) και παραγγέλνει, χωρίς εφαρμογή • Η παραγγελία έρχεται στο κινητό ή στο tablet σας με τον αριθμό τραπεζιού • Με κάθε παραγγελία μαζεύει πόντους (XP) που εξαργυρώνονται μόνο στο δικό σας μαγαζί, οπότε έχει λόγο να ξαναέρθει • Βλέπετε ποιος έρχεται, πόσο συχνά και τι παίρνει • Δεν αλλάζει τίποτα στο ταμείο: ίδιο POS, 0% προμήθεια, το στήνουμε εμείς σε 10 λεπτά • Δωρεάν προβολή στα TikTok/Instagram της Anbit και στον χάρτη της Anbit Θα σας ενδιέφερε να σας το δείξουμε από κοντά σε 10 λεπτά, όποτε σας βολεύει;
A26: 22 | B26: JOJO espresso & bar | C26: @jojoperisteri | D26: Άνοιγμα | E26: Μήνυμα | F26: Αθήνα | G26: Μπουρνάζι (Αγ. Παρασκευής) | H26: Coffee & Bar | I26: A | L26: Δεν στάλθηκε | N26: =IF(M26="","",M26+4) | P26: =SUBSTITUTE(SUBSTITUTE(IF(I26="A",Μηνύματα!$B$7,Μηνύματα!$B$8),"{ΚΑΤΑΣΤΗΜΑ}",B26),"{ΟΝΟΜΑ}",Μηνύματα!$B$4) -> Γεια σας! 👋 Είμαι ο/η [Το όνομά σου] από την Anbit (anbit.gr). Μας άρεσε πολύ το JOJO espresso & bar και θα θέλαμε να σας προτείνουμε μια συνεργασία. Η Anbit είναι παραγγελία από το τραπέζι με QR + σύστημα επιβράβευσης πελατών: • Ο πελάτης σκανάρει το QR, βλέπει το μενού με φωτογραφίες (Ελληνικά/Αγγλικά) και παραγγέλνει, χωρίς εφαρμογή • Η παραγγελία έρχεται στο κινητό ή στο tablet σας με τον αριθμό τραπεζιού • Με κάθε παραγγελία μαζεύει πόντους (XP) που εξαργυρώνονται μόνο στο δικό σας μαγαζί, οπότε έχει λόγο να ξαναέρθει • Βλέπετε ποιος έρχεται, πόσο συχνά και τι παίρνει • Δεν αλλάζει τίποτα στο ταμείο: ίδιο POS, 0% προμήθεια, το στήνουμε εμείς σε 10 λεπτά • Δωρεάν προβολή στα TikTok/Instagram της Anbit και στον χάρτη της Anbit Θα σας ενδιέφερε να σας το δείξουμε από κοντά σε 10 λεπτά, όποτε σας βολεύει;
A27: 23 | B27: Kalimeres Bistro | C27: @kalimeres.bistro | D27: Άνοιγμα | E27: Μήνυμα | F27: Αθήνα | H27: Bistro / Brunch | I27: A | K27: Επιβεβαίωσε περιοχή | L27: Δεν στάλθηκε | N27: =IF(M27="","",M27+4) | P27: =SUBSTITUTE(SUBSTITUTE(IF(I27="A",Μηνύματα!$B$7,Μηνύματα!$B$8),"{ΚΑΤΑΣΤΗΜΑ}",B27),"{ΟΝΟΜΑ}",Μηνύματα!$B$4) -> Γεια σας! 👋 Είμαι ο/η [Το όνομά σου] από την Anbit (anbit.gr). Μας άρεσε πολύ το Kalimeres Bistro και θα θέλαμε να σας προτείνουμε μια συνεργασία. Η Anbit είναι παραγγελία από το τραπέζι με QR + σύστημα επιβράβευσης πελατών: • Ο πελάτης σκανάρει το QR, βλέπει το μενού με φωτογραφίες (Ελληνικά/Αγγλικά) και παραγγέλνει, χωρίς εφαρμογή • Η παραγγελία έρχεται στο κινητό ή στο tablet σας με τον αριθμό τραπεζιού • Με κάθε παραγγελία μαζεύει πόντους (XP) που εξαργυρώνονται μόνο στο δικό σας μαγαζί, οπότε έχει λόγο να ξαναέρθει • Βλέπετε ποιος έρχεται, πόσο συχνά και τι παίρνει • Δεν αλλάζει τίποτα στο ταμείο: ίδιο POS, 0% προμήθεια, το στήνουμε εμείς σε 10 λεπτά • Δωρεάν προβολή στα TikTok/Instagram της Anbit και στον χάρτη της Anbit Θα σας ενδιέφερε να σας το δείξουμε από κοντά σε 10 λεπτά, όποτε σας βολεύει;
A28: 24 | B28: Korne | C28: @korne.gr | D28: Άνοιγμα | E28: Μήνυμα | F28: Αθήνα | G28: Νέα Ιωνία (Ελ. Βενιζέλου 128) | H28: Bakery-Cafe | I28: A | J28: Τηλ. 211 4104918, νέο κατάστημα | L28: Δεν στάλθηκε | N28: =IF(M28="","",M28+4) | P28: =SUBSTITUTE(SUBSTITUTE(IF(I28="A",Μηνύματα!$B$7,Μηνύματα!$B$8),"{ΚΑΤΑΣΤΗΜΑ}",B28),"{ΟΝΟΜΑ}",Μηνύματα!$B$4) -> Γεια σας! 👋 Είμαι ο/η [Το όνομά σου] από την Anbit (anbit.gr). Μας άρεσε πολύ το Korne και θα θέλαμε να σας προτείνουμε μια συνεργασία. Η Anbit είναι παραγγελία από το τραπέζι με QR + σύστημα επιβράβευσης πελατών: • Ο πελάτης σκανάρει το QR, βλέπει το μενού με φωτογραφίες (Ελληνικά/Αγγλικά) και παραγγέλνει, χωρίς εφαρμογή • Η παραγγελία έρχεται στο κινητό ή στο tablet σας με τον αριθμό τραπεζιού • Με κάθε παραγγελία μαζεύει πόντους (XP) που εξαργυρώνονται μόνο στο δικό σας μαγαζί, οπότε έχει λόγο να ξαναέρθει • Βλέπετε ποιος έρχεται, πόσο συχνά και τι παίρνει • Δεν αλλάζει τίποτα στο ταμείο: ίδιο POS, 0% προμήθεια, το στήνουμε εμείς σε 10 λεπτά • Δωρεάν προβολή στα TikTok/Instagram της Anbit και στον χάρτη της Anbit Θα σας ενδιέφερε να σας το δείξουμε από κοντά σε 10 λεπτά, όποτε σας βολεύει;
A29: 25 | B29: Kupato | C29: @kupato_official | D29: Άνοιγμα | E29: Μήνυμα | F29: Αθήνα | G29: Μαρούσι (Αγ. Κωνσταντίνου 53) | H29: Specialty Coffee / Brunch | I29: A | J29: Brunch by chef | L29: Δεν στάλθηκε | N29: =IF(M29="","",M29+4) | P29: =SUBSTITUTE(SUBSTITUTE(IF(I29="A",Μηνύματα!$B$7,Μηνύματα!$B$8),"{ΚΑΤΑΣΤΗΜΑ}",B29),"{ΟΝΟΜΑ}",Μηνύματα!$B$4) -> Γεια σας! 👋 Είμαι ο/η [Το όνομά σου] από την Anbit (anbit.gr). Μας άρεσε πολύ το Kupato και θα θέλαμε να σας προτείνουμε μια συνεργασία. Η Anbit είναι παραγγελία από το τραπέζι με QR + σύστημα επιβράβευσης πελατών: • Ο πελάτης σκανάρει το QR, βλέπει το μενού με φωτογραφίες (Ελληνικά/Αγγλικά) και παραγγέλνει, χωρίς εφαρμογή • Η παραγγελία έρχεται στο κινητό ή στο tablet σας με τον αριθμό τραπεζιού • Με κάθε παραγγελία μαζεύει πόντους (XP) που εξαργυρώνονται μόνο στο δικό σας μαγαζί, οπότε έχει λόγο να ξαναέρθει • Βλέπετε ποιος έρχεται, πόσο συχνά και τι παίρνει • Δεν αλλάζει τίποτα στο ταμείο: ίδιο POS, 0% προμήθεια, το στήνουμε εμείς σε 10 λεπτά • Δωρεάν προβολή στα TikTok/Instagram της Anbit και στον χάρτη της Anbit Θα σας ενδιέφερε να σας το δείξουμε από κοντά σε 10 λεπτά, όποτε σας βολεύει;
A30: 26 | B30: Level Up Specialty Coffee | C30: @level.up.marousi | D30: Άνοιγμα | E30: Μήνυμα | F30: Αθήνα | G30: Μαρούσι | H30: Specialty Coffee | I30: A | J30: 07:30-20:00, efood & Box | L30: Δεν στάλθηκε | N30: =IF(M30="","",M30+4) | P30: =SUBSTITUTE(SUBSTITUTE(IF(I30="A",Μηνύματα!$B$7,Μηνύματα!$B$8),"{ΚΑΤΑΣΤΗΜΑ}",B30),"{ΟΝΟΜΑ}",Μηνύματα!$B$4) -> Γεια σας! 👋 Είμαι ο/η [Το όνομά σου] από την Anbit (anbit.gr). Μας άρεσε πολύ το Level Up Specialty Coffee και θα θέλαμε να σας προτείνουμε μια συνεργασία. Η Anbit είναι παραγγελία από το τραπέζι με QR + σύστημα επιβράβευσης πελατών: • Ο πελάτης σκανάρει το QR, βλέπει το μενού με φωτογραφίες (Ελληνικά/Αγγλικά) και παραγγέλνει, χωρίς εφαρμογή • Η παραγγελία έρχεται στο κινητό ή στο tablet σας με τον αριθμό τραπεζιού • Με κάθε παραγγελία μαζεύει πόντους (XP) που εξαργυρώνονται μόνο στο δικό σας μαγαζί, οπότε έχει λόγο να ξαναέρθει • Βλέπετε ποιος έρχεται, πόσο συχνά και τι παίρνει • Δεν αλλάζει τίποτα στο ταμείο: ίδιο POS, 0% προμήθεια, το στήνουμε εμείς σε 10 λεπτά • Δωρεάν προβολή στα TikTok/Instagram της Anbit και στον χάρτη της Anbit Θα σας ενδιέφερε να σας το δείξουμε από κοντά σε 10 λεπτά, όποτε σας βολεύει;
A31: 27 | B31: LIBERTY Cafè Bar | C31: @liberty_cafebar | D31: Άνοιγμα | E31: Μήνυμα | F31: Αθήνα | G31: Πειραιάς (Παλαιολόγου 5, Τερψιθέα) | H31: Cafe-Wine-Cocktail bar | I31: A | L31: Δεν στάλθηκε | N31: =IF(M31="","",M31+4) | P31: =SUBSTITUTE(SUBSTITUTE(IF(I31="A",Μηνύματα!$B$7,Μηνύματα!$B$8),"{ΚΑΤΑΣΤΗΜΑ}",B31),"{ΟΝΟΜΑ}",Μηνύματα!$B$4) -> Γεια σας! 👋 Είμαι ο/η [Το όνομά σου] από την Anbit (anbit.gr). Μας άρεσε πολύ το LIBERTY Cafè Bar και θα θέλαμε να σας προτείνουμε μια συνεργασία. Η Anbit είναι παραγγελία από το τραπέζι με QR + σύστημα επιβράβευσης πελατών: • Ο πελάτης σκανάρει το QR, βλέπει το μενού με φωτογραφίες (Ελληνικά/Αγγλικά) και παραγγέλνει, χωρίς εφαρμογή • Η παραγγελία έρχεται στο κινητό ή στο tablet σας με τον αριθμό τραπεζιού • Με κάθε παραγγελία μαζεύει πόντους (XP) που εξαργυρώνονται μόνο στο δικό σας μαγαζί, οπότε έχει λόγο να ξαναέρθει • Βλέπετε ποιος έρχεται, πόσο συχνά και τι παίρνει • Δεν αλλάζει τίποτα στο ταμείο: ίδιο POS, 0% προμήθεια, το στήνουμε εμείς σε 10 λεπτά • Δωρεάν προβολή στα TikTok/Instagram της Anbit και στον χάρτη της Anbit Θα σας ενδιέφερε να σας το δείξουμε από κοντά σε 10 λεπτά, όποτε σας βολεύει;
A32: 28 | B32: Local Cafe-Bar | C32: @local_cafebar | D32: Άνοιγμα | E32: Μήνυμα | F32: Αθήνα | G32: Ίλιον | H32: All-day Cafe-Bar | I32: A | J32: Brunch 09:00-14:00 | L32: Δεν στάλθηκε | N32: =IF(M32="","",M32+4) | P32: =SUBSTITUTE(SUBSTITUTE(IF(I32="A",Μηνύματα!$B$7,Μηνύματα!$B$8),"{ΚΑΤΑΣΤΗΜΑ}",B32),"{ΟΝΟΜΑ}",Μηνύματα!$B$4) -> Γεια σας! 👋 Είμαι ο/η [Το όνομά σου] από την Anbit (anbit.gr). Μας άρεσε πολύ το Local Cafe-Bar και θα θέλαμε να σας προτείνουμε μια συνεργασία. Η Anbit είναι παραγγελία από το τραπέζι με QR + σύστημα επιβράβευσης πελατών: • Ο πελάτης σκανάρει το QR, βλέπει το μενού με φωτογραφίες (Ελληνικά/Αγγλικά) και παραγγέλνει, χωρίς εφαρμογή • Η παραγγελία έρχεται στο κινητό ή στο tablet σας με τον αριθμό τραπεζιού • Με κάθε παραγγελία μαζεύει πόντους (XP) που εξαργυρώνονται μόνο στο δικό σας μαγαζί, οπότε έχει λόγο να ξαναέρθει • Βλέπετε ποιος έρχεται, πόσο συχνά και τι παίρνει • Δεν αλλάζει τίποτα στο ταμείο: ίδιο POS, 0% προμήθεια, το στήνουμε εμείς σε 10 λεπτά • Δωρεάν προβολή στα TikTok/Instagram της Anbit και στον χάρτη της Anbit Θα σας ενδιέφερε να σας το δείξουμε από κοντά σε 10 λεπτά, όποτε σας βολεύει;
A33: 29 | B33: Lola Cafe Bar | C33: @lolacafebar | D33: Άνοιγμα | E33: Μήνυμα | F33: Αθήνα | G33: Αγία Παρασκευή | H33: Cafe-Bar | I33: A | L33: Δεν στάλθηκε | N33: =IF(M33="","",M33+4) | P33: =SUBSTITUTE(SUBSTITUTE(IF(I33="A",Μηνύματα!$B$7,Μηνύματα!$B$8),"{ΚΑΤΑΣΤΗΜΑ}",B33),"{ΟΝΟΜΑ}",Μηνύματα!$B$4) -> Γεια σας! 👋 Είμαι ο/η [Το όνομά σου] από την Anbit (anbit.gr). Μας άρεσε πολύ το Lola Cafe Bar και θα θέλαμε να σας προτείνουμε μια συνεργασία. Η Anbit είναι παραγγελία από το τραπέζι με QR + σύστημα επιβράβευσης πελατών: • Ο πελάτης σκανάρει το QR, βλέπει το μενού με φωτογραφίες (Ελληνικά/Αγγλικά) και παραγγέλνει, χωρίς εφαρμογή • Η παραγγελία έρχεται στο κινητό ή στο tablet σας με τον αριθμό τραπεζιού • Με κάθε παραγγελία μαζεύει πόντους (XP) που εξαργυρώνονται μόνο στο δικό σας μαγαζί, οπότε έχει λόγο να ξαναέρθει • Βλέπετε ποιος έρχεται, πόσο συχνά και τι παίρνει • Δεν αλλάζει τίποτα στο ταμείο: ίδιο POS, 0% προμήθεια, το στήνουμε εμείς σε 10 λεπτά • Δωρεάν προβολή στα TikTok/Instagram της Anbit και στον χάρτη της Anbit Θα σας ενδιέφερε να σας το δείξουμε από κοντά σε 10 λεπτά, όποτε σας βολεύει;
A34: 30 | B34: Madeira Cafe & Bar | C34: @madeiraathens | D34: Άνοιγμα | E34: Μήνυμα | F34: Αθήνα | H34: Cafe-Cocktail bar | I34: A | J34: Live events | K34: Επιβεβαίωσε περιοχή | L34: Δεν στάλθηκε | N34: =IF(M34="","",M34+4) | P34: =SUBSTITUTE(SUBSTITUTE(IF(I34="A",Μηνύματα!$B$7,Μηνύματα!$B$8),"{ΚΑΤΑΣΤΗΜΑ}",B34),"{ΟΝΟΜΑ}",Μηνύματα!$B$4) -> Γεια σας! 👋 Είμαι ο/η [Το όνομά σου] από την Anbit (anbit.gr). Μας άρεσε πολύ το Madeira Cafe & Bar και θα θέλαμε να σας προτείνουμε μια συνεργασία. Η Anbit είναι παραγγελία από το τραπέζι με QR + σύστημα επιβράβευσης πελατών: • Ο πελάτης σκανάρει το QR, βλέπει το μενού με φωτογραφίες (Ελληνικά/Αγγλικά) και παραγγέλνει, χωρίς εφαρμογή • Η παραγγελία έρχεται στο κινητό ή στο tablet σας με τον αριθμό τραπεζιού • Με κάθε παραγγελία μαζεύει πόντους (XP) που εξαργυρώνονται μόνο στο δικό σας μαγαζί, οπότε έχει λόγο να ξαναέρθει • Βλέπετε ποιος έρχεται, πόσο συχνά και τι παίρνει • Δεν αλλάζει τίποτα στο ταμείο: ίδιο POS, 0% προμήθεια, το στήνουμε εμείς σε 10 λεπτά • Δωρεάν προβολή στα TikTok/Instagram της Anbit και στον χάρτη της Anbit Θα σας ενδιέφερε να σας το δείξουμε από κοντά σε 10 λεπτά, όποτε σας βολεύει;
A35: 31 | B35: Medez Cafe & Bar | C35: @medezcafe | D35: Άνοιγμα | E35: Μήνυμα | F35: Αθήνα | G35: Παγκράτι | H35: All-day Cafe-Bar | I35: A | L35: Δεν στάλθηκε | N35: =IF(M35="","",M35+4) | P35: =SUBSTITUTE(SUBSTITUTE(IF(I35="A",Μηνύματα!$B$7,Μηνύματα!$B$8),"{ΚΑΤΑΣΤΗΜΑ}",B35),"{ΟΝΟΜΑ}",Μηνύματα!$B$4) -> Γεια σας! 👋 Είμαι ο/η [Το όνομά σου] από την Anbit (anbit.gr). Μας άρεσε πολύ το Medez Cafe & Bar και θα θέλαμε να σας προτείνουμε μια συνεργασία. Η Anbit είναι παραγγελία από το τραπέζι με QR + σύστημα επιβράβευσης πελατών: • Ο πελάτης σκανάρει το QR, βλέπει το μενού με φωτογραφίες (Ελληνικά/Αγγλικά) και παραγγέλνει, χωρίς εφαρμογή • Η παραγγελία έρχεται στο κινητό ή στο tablet σας με τον αριθμό τραπεζιού • Με κάθε παραγγελία μαζεύει πόντους (XP) που εξαργυρώνονται μόνο στο δικό σας μαγαζί, οπότε έχει λόγο να ξαναέρθει • Βλέπετε ποιος έρχεται, πόσο συχνά και τι παίρνει • Δεν αλλάζει τίποτα στο ταμείο: ίδιο POS, 0% προμήθεια, το στήνουμε εμείς σε 10 λεπτά • Δωρεάν προβολή στα TikTok/Instagram της Anbit και στον χάρτη της Anbit Θα σας ενδιέφερε να σας το δείξουμε από κοντά σε 10 λεπτά, όποτε σας βολεύει;
A36: 32 | B36: Menta Cafe | C36: @menta_cafe_kifisia | D36: Άνοιγμα | E36: Μήνυμα | F36: Αθήνα | G36: Κηφισιά | H36: Cafe-Brunch-Dinner | I36: A | J36: Κήπος | L36: Δεν στάλθηκε | N36: =IF(M36="","",M36+4) | P36: =SUBSTITUTE(SUBSTITUTE(IF(I36="A",Μηνύματα!$B$7,Μηνύματα!$B$8),"{ΚΑΤΑΣΤΗΜΑ}",B36),"{ΟΝΟΜΑ}",Μηνύματα!$B$4) -> Γεια σας! 👋 Είμαι ο/η [Το όνομά σου] από την Anbit (anbit.gr). Μας άρεσε πολύ το Menta Cafe και θα θέλαμε να σας προτείνουμε μια συνεργασία. Η Anbit είναι παραγγελία από το τραπέζι με QR + σύστημα επιβράβευσης πελατών: • Ο πελάτης σκανάρει το QR, βλέπει το μενού με φωτογραφίες (Ελληνικά/Αγγλικά) και παραγγέλνει, χωρίς εφαρμογή • Η παραγγελία έρχεται στο κινητό ή στο tablet σας με τον αριθμό τραπεζιού • Με κάθε παραγγελία μαζεύει πόντους (XP) που εξαργυρώνονται μόνο στο δικό σας μαγαζί, οπότε έχει λόγο να ξαναέρθει • Βλέπετε ποιος έρχεται, πόσο συχνά και τι παίρνει • Δεν αλλάζει τίποτα στο ταμείο: ίδιο POS, 0% προμήθεια, το στήνουμε εμείς σε 10 λεπτά • Δωρεάν προβολή στα TikTok/Instagram της Anbit και στον χάρτη της Anbit Θα σας ενδιέφερε να σας το δείξουμε από κοντά σε 10 λεπτά, όποτε σας βολεύει;
A37: 33 | B37: MOKKA | C37: @mokkacoffee.athens | D37: Άνοιγμα | E37: Μήνυμα | F37: Αθήνα | H37: Specialty Coffee | I37: A | K37: Επιβεβαίωσε περιοχή | L37: Δεν στάλθηκε | N37: =IF(M37="","",M37+4) | P37: =SUBSTITUTE(SUBSTITUTE(IF(I37="A",Μηνύματα!$B$7,Μηνύματα!$B$8),"{ΚΑΤΑΣΤΗΜΑ}",B37),"{ΟΝΟΜΑ}",Μηνύματα!$B$4) -> Γεια σας! 👋 Είμαι ο/η [Το όνομά σου] από την Anbit (anbit.gr). Μας άρεσε πολύ το MOKKA και θα θέλαμε να σας προτείνουμε μια συνεργασία. Η Anbit είναι παραγγελία από το τραπέζι με QR + σύστημα επιβράβευσης πελατών: • Ο πελάτης σκανάρει το QR, βλέπει το μενού με φωτογραφίες (Ελληνικά/Αγγλικά) και παραγγέλνει, χωρίς εφαρμογή • Η παραγγελία έρχεται στο κινητό ή στο tablet σας με τον αριθμό τραπεζιού • Με κάθε παραγγελία μαζεύει πόντους (XP) που εξαργυρώνονται μόνο στο δικό σας μαγαζί, οπότε έχει λόγο να ξαναέρθει • Βλέπετε ποιος έρχεται, πόσο συχνά και τι παίρνει • Δεν αλλάζει τίποτα στο ταμείο: ίδιο POS, 0% προμήθεια, το στήνουμε εμείς σε 10 λεπτά • Δωρεάν προβολή στα TikTok/Instagram της Anbit και στον χάρτη της Anbit Θα σας ενδιέφερε να σας το δείξουμε από κοντά σε 10 λεπτά, όποτε σας βολεύει;
A38: 34 | B38: Morning Bar | C38: @morningbar.athens | D38: Άνοιγμα | E38: Μήνυμα | F38: Αθήνα | G38: Παγκράτι | H38: Breakfast / Coffee bar | I38: A | J38: Καθημερινές 09:00-17:00 | L38: Δεν στάλθηκε | N38: =IF(M38="","",M38+4) | P38: =SUBSTITUTE(SUBSTITUTE(IF(I38="A",Μηνύματα!$B$7,Μηνύματα!$B$8),"{ΚΑΤΑΣΤΗΜΑ}",B38),"{ΟΝΟΜΑ}",Μηνύματα!$B$4) -> Γεια σας! 👋 Είμαι ο/η [Το όνομά σου] από την Anbit (anbit.gr). Μας άρεσε πολύ το Morning Bar και θα θέλαμε να σας προτείνουμε μια συνεργασία. Η Anbit είναι παραγγελία από το τραπέζι με QR + σύστημα επιβράβευσης πελατών: • Ο πελάτης σκανάρει το QR, βλέπει το μενού με φωτογραφίες (Ελληνικά/Αγγλικά) και παραγγέλνει, χωρίς εφαρμογή • Η παραγγελία έρχεται στο κινητό ή στο tablet σας με τον αριθμό τραπεζιού • Με κάθε παραγγελία μαζεύει πόντους (XP) που εξαργυρώνονται μόνο στο δικό σας μαγαζί, οπότε έχει λόγο να ξαναέρθει • Βλέπετε ποιος έρχεται, πόσο συχνά και τι παίρνει • Δεν αλλάζει τίποτα στο ταμείο: ίδιο POS, 0% προμήθεια, το στήνουμε εμείς σε 10 λεπτά • Δωρεάν προβολή στα TikTok/Instagram της Anbit και στον χάρτη της Anbit Θα σας ενδιέφερε να σας το δείξουμε από κοντά σε 10 λεπτά, όποτε σας βολεύει;
A39: 35 | B39: Neratzia | C39: @neratzia.gr | D39: Άνοιγμα | E39: Μήνυμα | F39: Αθήνα | G39: Κουκάκι | H39: Cafe-Bistro | I39: A | J39: 08:00-01:00 (Π-Σ ως 02:00) | L39: Δεν στάλθηκε | N39: =IF(M39="","",M39+4) | P39: =SUBSTITUTE(SUBSTITUTE(IF(I39="A",Μηνύματα!$B$7,Μηνύματα!$B$8),"{ΚΑΤΑΣΤΗΜΑ}",B39),"{ΟΝΟΜΑ}",Μηνύματα!$B$4) -> Γεια σας! 👋 Είμαι ο/η [Το όνομά σου] από την Anbit (anbit.gr). Μας άρεσε πολύ το Neratzia και θα θέλαμε να σας προτείνουμε μια συνεργασία. Η Anbit είναι παραγγελία από το τραπέζι με QR + σύστημα επιβράβευσης πελατών: • Ο πελάτης σκανάρει το QR, βλέπει το μενού με φωτογραφίες (Ελληνικά/Αγγλικά) και παραγγέλνει, χωρίς εφαρμογή • Η παραγγελία έρχεται στο κινητό ή στο tablet σας με τον αριθμό τραπεζιού • Με κάθε παραγγελία μαζεύει πόντους (XP) που εξαργυρώνονται μόνο στο δικό σας μαγαζί, οπότε έχει λόγο να ξαναέρθει • Βλέπετε ποιος έρχεται, πόσο συχνά και τι παίρνει • Δεν αλλάζει τίποτα στο ταμείο: ίδιο POS, 0% προμήθεια, το στήνουμε εμείς σε 10 λεπτά • Δωρεάν προβολή στα TikTok/Instagram της Anbit και στον χάρτη της Anbit Θα σας ενδιέφερε να σας το δείξουμε από κοντά σε 10 λεπτά, όποτε σας βολεύει;
A40: 36 | B40: Num All Day Bar & Restaurant | C40: @num_veaki | D40: Άνοιγμα | E40: Μήνυμα | F40: Αθήνα | G40: Περιστέρι | H40: All-day Bar-Restaurant | I40: A | J40: Τηλ. 697 967 1566 | L40: Δεν στάλθηκε | N40: =IF(M40="","",M40+4) | P40: =SUBSTITUTE(SUBSTITUTE(IF(I40="A",Μηνύματα!$B$7,Μηνύματα!$B$8),"{ΚΑΤΑΣΤΗΜΑ}",B40),"{ΟΝΟΜΑ}",Μηνύματα!$B$4) -> Γεια σας! 👋 Είμαι ο/η [Το όνομά σου] από την Anbit (anbit.gr). Μας άρεσε πολύ το Num All Day Bar & Restaurant και θα θέλαμε να σας προτείνουμε μια συνεργασία. Η Anbit είναι παραγγελία από το τραπέζι με QR + σύστημα επιβράβευσης πελατών: • Ο πελάτης σκανάρει το QR, βλέπει το μενού με φωτογραφίες (Ελληνικά/Αγγλικά) και παραγγέλνει, χωρίς εφαρμογή • Η παραγγελία έρχεται στο κινητό ή στο tablet σας με τον αριθμό τραπεζιού • Με κάθε παραγγελία μαζεύει πόντους (XP) που εξαργυρώνονται μόνο στο δικό σας μαγαζί, οπότε έχει λόγο να ξαναέρθει • Βλέπετε ποιος έρχεται, πόσο συχνά και τι παίρνει • Δεν αλλάζει τίποτα στο ταμείο: ίδιο POS, 0% προμήθεια, το στήνουμε εμείς σε 10 λεπτά • Δωρεάν προβολή στα TikTok/Instagram της Anbit και στον χάρτη της Anbit Θα σας ενδιέφερε να σας το δείξουμε από κοντά σε 10 λεπτά, όποτε σας βολεύει;
A41: 37 | B41: Oubi | C41: @oubi.athens | D41: Άνοιγμα | E41: Μήνυμα | F41: Αθήνα | G41: Χαλάνδρι | H41: All-day Cafe-Brunch-Cocktails | I41: A | J41: Ήδη σε Wolt για delivery | L41: Δεν στάλθηκε | N41: =IF(M41="","",M41+4) | P41: =SUBSTITUTE(SUBSTITUTE(IF(I41="A",Μηνύματα!$B$7,Μηνύματα!$B$8),"{ΚΑΤΑΣΤΗΜΑ}",B41),"{ΟΝΟΜΑ}",Μηνύματα!$B$4) -> Γεια σας! 👋 Είμαι ο/η [Το όνομά σου] από την Anbit (anbit.gr). Μας άρεσε πολύ το Oubi και θα θέλαμε να σας προτείνουμε μια συνεργασία. Η Anbit είναι παραγγελία από το τραπέζι με QR + σύστημα επιβράβευσης πελατών: • Ο πελάτης σκανάρει το QR, βλέπει το μενού με φωτογραφίες (Ελληνικά/Αγγλικά) και παραγγέλνει, χωρίς εφαρμογή • Η παραγγελία έρχεται στο κινητό ή στο tablet σας με τον αριθμό τραπεζιού • Με κάθε παραγγελία μαζεύει πόντους (XP) που εξαργυρώνονται μόνο στο δικό σας μαγαζί, οπότε έχει λόγο να ξαναέρθει • Βλέπετε ποιος έρχεται, πόσο συχνά και τι παίρνει • Δεν αλλάζει τίποτα στο ταμείο: ίδιο POS, 0% προμήθεια, το στήνουμε εμείς σε 10 λεπτά • Δωρεάν προβολή στα TikTok/Instagram της Anbit και στον χάρτη της Anbit Θα σας ενδιέφερε να σας το δείξουμε από κοντά σε 10 λεπτά, όποτε σας βολεύει;
A42: 38 | B42: Pere Ubu Glyfada | C42: @pere_ubu_glyfada | D42: Άνοιγμα | E42: Μήνυμα | F42: Αθήνα | G42: Γλυφάδα | H42: All-day Bar-Restaurant | I42: A | J42: Brunch, lunch, dinner, cocktails | L42: Δεν στάλθηκε | N42: =IF(M42="","",M42+4) | P42: =SUBSTITUTE(SUBSTITUTE(IF(I42="A",Μηνύματα!$B$7,Μηνύματα!$B$8),"{ΚΑΤΑΣΤΗΜΑ}",B42),"{ΟΝΟΜΑ}",Μηνύματα!$B$4) -> Γεια σας! 👋 Είμαι ο/η [Το όνομά σου] από την Anbit (anbit.gr). Μας άρεσε πολύ το Pere Ubu Glyfada και θα θέλαμε να σας προτείνουμε μια συνεργασία. Η Anbit είναι παραγγελία από το τραπέζι με QR + σύστημα επιβράβευσης πελατών: • Ο πελάτης σκανάρει το QR, βλέπει το μενού με φωτογραφίες (Ελληνικά/Αγγλικά) και παραγγέλνει, χωρίς εφαρμογή • Η παραγγελία έρχεται στο κινητό ή στο tablet σας με τον αριθμό τραπεζιού • Με κάθε παραγγελία μαζεύει πόντους (XP) που εξαργυρώνονται μόνο στο δικό σας μαγαζί, οπότε έχει λόγο να ξαναέρθει • Βλέπετε ποιος έρχεται, πόσο συχνά και τι παίρνει • Δεν αλλάζει τίποτα στο ταμείο: ίδιο POS, 0% προμήθεια, το στήνουμε εμείς σε 10 λεπτά • Δωρεάν προβολή στα TikTok/Instagram της Anbit και στον χάρτη της Anbit Θα σας ενδιέφερε να σας το δείξουμε από κοντά σε 10 λεπτά, όποτε σας βολεύει;
A43: 39 | B43: Pit All Day Gastro Bar | C43: @pit_kolonaki | D43: Άνοιγμα | E43: Μήνυμα | F43: Αθήνα | G43: Κολωνάκι (Μηλιώνη 1) | H43: All-day Gastro Bar | I43: A | J43: Κρατήσεις 210 3615969 | L43: Δεν στάλθηκε | N43: =IF(M43="","",M43+4) | P43: =SUBSTITUTE(SUBSTITUTE(IF(I43="A",Μηνύματα!$B$7,Μηνύματα!$B$8),"{ΚΑΤΑΣΤΗΜΑ}",B43),"{ΟΝΟΜΑ}",Μηνύματα!$B$4) -> Γεια σας! 👋 Είμαι ο/η [Το όνομά σου] από την Anbit (anbit.gr). Μας άρεσε πολύ το Pit All Day Gastro Bar και θα θέλαμε να σας προτείνουμε μια συνεργασία. Η Anbit είναι παραγγελία από το τραπέζι με QR + σύστημα επιβράβευσης πελατών: • Ο πελάτης σκανάρει το QR, βλέπει το μενού με φωτογραφίες (Ελληνικά/Αγγλικά) και παραγγέλνει, χωρίς εφαρμογή • Η παραγγελία έρχεται στο κινητό ή στο tablet σας με τον αριθμό τραπεζιού • Με κάθε παραγγελία μαζεύει πόντους (XP) που εξαργυρώνονται μόνο στο δικό σας μαγαζί, οπότε έχει λόγο να ξαναέρθει • Βλέπετε ποιος έρχεται, πόσο συχνά και τι παίρνει • Δεν αλλάζει τίποτα στο ταμείο: ίδιο POS, 0% προμήθεια, το στήνουμε εμείς σε 10 λεπτά • Δωρεάν προβολή στα TikTok/Instagram της Anbit και στον χάρτη της Anbit Θα σας ενδιέφερε να σας το δείξουμε από κοντά σε 10 λεπτά, όποτε σας βολεύει;
A44: 40 | B44: Péros | C44: @peros_kolonaki | D44: Άνοιγμα | E44: Μήνυμα | F44: Αθήνα | G44: Κολωνάκι (Τσακάλωφ 2) | H44: Cafe-Bar-Restaurant | I44: A | J44: Από το 1987 | L44: Δεν στάλθηκε | N44: =IF(M44="","",M44+4) | P44: =SUBSTITUTE(SUBSTITUTE(IF(I44="A",Μηνύματα!$B$7,Μηνύματα!$B$8),"{ΚΑΤΑΣΤΗΜΑ}",B44),"{ΟΝΟΜΑ}",Μηνύματα!$B$4) -> Γεια σας! 👋 Είμαι ο/η [Το όνομά σου] από την Anbit (anbit.gr). Μας άρεσε πολύ το Péros και θα θέλαμε να σας προτείνουμε μια συνεργασία. Η Anbit είναι παραγγελία από το τραπέζι με QR + σύστημα επιβράβευσης πελατών: • Ο πελάτης σκανάρει το QR, βλέπει το μενού με φωτογραφίες (Ελληνικά/Αγγλικά) και παραγγέλνει, χωρίς εφαρμογή • Η παραγγελία έρχεται στο κινητό ή στο tablet σας με τον αριθμό τραπεζιού • Με κάθε παραγγελία μαζεύει πόντους (XP) που εξαργυρώνονται μόνο στο δικό σας μαγαζί, οπότε έχει λόγο να ξαναέρθει • Βλέπετε ποιος έρχεται, πόσο συχνά και τι παίρνει • Δεν αλλάζει τίποτα στο ταμείο: ίδιο POS, 0% προμήθεια, το στήνουμε εμείς σε 10 λεπτά • Δωρεάν προβολή στα TikTok/Instagram της Anbit και στον χάρτη της Anbit Θα σας ενδιέφερε να σας το δείξουμε από κοντά σε 10 λεπτά, όποτε σας βολεύει;
A45: 41 | B45: Routina | C45: @routina_glyfada | D45: Άνοιγμα | E45: Μήνυμα | F45: Αθήνα | G45: Γλυφάδα (Δούσμανη 8) | H45: Pastry / Brunch / Coffee | I45: A | L45: Δεν στάλθηκε | N45: =IF(M45="","",M45+4) | P45: =SUBSTITUTE(SUBSTITUTE(IF(I45="A",Μηνύματα!$B$7,Μηνύματα!$B$8),"{ΚΑΤΑΣΤΗΜΑ}",B45),"{ΟΝΟΜΑ}",Μηνύματα!$B$4) -> Γεια σας! 👋 Είμαι ο/η [Το όνομά σου] από την Anbit (anbit.gr). Μας άρεσε πολύ το Routina και θα θέλαμε να σας προτείνουμε μια συνεργασία. Η Anbit είναι παραγγελία από το τραπέζι με QR + σύστημα επιβράβευσης πελατών: • Ο πελάτης σκανάρει το QR, βλέπει το μενού με φωτογραφίες (Ελληνικά/Αγγλικά) και παραγγέλνει, χωρίς εφαρμογή • Η παραγγελία έρχεται στο κινητό ή στο tablet σας με τον αριθμό τραπεζιού • Με κάθε παραγγελία μαζεύει πόντους (XP) που εξαργυρώνονται μόνο στο δικό σας μαγαζί, οπότε έχει λόγο να ξαναέρθει • Βλέπετε ποιος έρχεται, πόσο συχνά και τι παίρνει • Δεν αλλάζει τίποτα στο ταμείο: ίδιο POS, 0% προμήθεια, το στήνουμε εμείς σε 10 λεπτά • Δωρεάν προβολή στα TikTok/Instagram της Anbit και στον χάρτη της Anbit Θα σας ενδιέφερε να σας το δείξουμε από κοντά σε 10 λεπτά, όποτε σας βολεύει;
A46: 42 | B46: Sinful Taste | C46: @sinfultastemarousi | D46: Άνοιγμα | E46: Μήνυμα | F46: Αθήνα | G46: Μαρούσι (Αγ. Κωνσταντίνου 40) | H46: Cafe / Κρέπες / Burgers | I46: A | J46: Τηλ. 210 6101368 | L46: Δεν στάλθηκε | N46: =IF(M46="","",M46+4) | P46: =SUBSTITUTE(SUBSTITUTE(IF(I46="A",Μηνύματα!$B$7,Μηνύματα!$B$8),"{ΚΑΤΑΣΤΗΜΑ}",B46),"{ΟΝΟΜΑ}",Μηνύματα!$B$4) -> Γεια σας! 👋 Είμαι ο/η [Το όνομά σου] από την Anbit (anbit.gr). Μας άρεσε πολύ το Sinful Taste και θα θέλαμε να σας προτείνουμε μια συνεργασία. Η Anbit είναι παραγγελία από το τραπέζι με QR + σύστημα επιβράβευσης πελατών: • Ο πελάτης σκανάρει το QR, βλέπει το μενού με φωτογραφίες (Ελληνικά/Αγγλικά) και παραγγέλνει, χωρίς εφαρμογή • Η παραγγελία έρχεται στο κινητό ή στο tablet σας με τον αριθμό τραπεζιού • Με κάθε παραγγελία μαζεύει πόντους (XP) που εξαργυρώνονται μόνο στο δικό σας μαγαζί, οπότε έχει λόγο να ξαναέρθει • Βλέπετε ποιος έρχεται, πόσο συχνά και τι παίρνει • Δεν αλλάζει τίποτα στο ταμείο: ίδιο POS, 0% προμήθεια, το στήνουμε εμείς σε 10 λεπτά • Δωρεάν προβολή στα TikTok/Instagram της Anbit και στον χάρτη της Anbit Θα σας ενδιέφερε να σας το δείξουμε από κοντά σε 10 λεπτά, όποτε σας βολεύει;
A47: 43 | B47: Treehouse Cafe | C47: @treehouse_cafe_peristeri | D47: Άνοιγμα | E47: Μήνυμα | F47: Αθήνα | G47: Περιστέρι (Τζων Κέννεντυ & Ειρήνης) | H47: Cafe-Bar-Restaurant | I47: A | J47: 08:00-02:00 | L47: Δεν στάλθηκε | N47: =IF(M47="","",M47+4) | P47: =SUBSTITUTE(SUBSTITUTE(IF(I47="A",Μηνύματα!$B$7,Μηνύματα!$B$8),"{ΚΑΤΑΣΤΗΜΑ}",B47),"{ΟΝΟΜΑ}",Μηνύματα!$B$4) -> Γεια σας! 👋 Είμαι ο/η [Το όνομά σου] από την Anbit (anbit.gr). Μας άρεσε πολύ το Treehouse Cafe και θα θέλαμε να σας προτείνουμε μια συνεργασία. Η Anbit είναι παραγγελία από το τραπέζι με QR + σύστημα επιβράβευσης πελατών: • Ο πελάτης σκανάρει το QR, βλέπει το μενού με φωτογραφίες (Ελληνικά/Αγγλικά) και παραγγέλνει, χωρίς εφαρμογή • Η παραγγελία έρχεται στο κινητό ή στο tablet σας με τον αριθμό τραπεζιού • Με κάθε παραγγελία μαζεύει πόντους (XP) που εξαργυρώνονται μόνο στο δικό σας μαγαζί, οπότε έχει λόγο να ξαναέρθει • Βλέπετε ποιος έρχεται, πόσο συχνά και τι παίρνει • Δεν αλλάζει τίποτα στο ταμείο: ίδιο POS, 0% προμήθεια, το στήνουμε εμείς σε 10 λεπτά • Δωρεάν προβολή στα TikTok/Instagram της Anbit και στον χάρτη της Anbit Θα σας ενδιέφερε να σας το δείξουμε από κοντά σε 10 λεπτά, όποτε σας βολεύει;
A48: 44 | B48: Usurum Brunch & Cocktails | C48: @usurum_psyri | D48: Άνοιγμα | E48: Μήνυμα | F48: Αθήνα | G48: Ψυρρή | H48: Brunch & Cocktails | I48: A | J48: Αυλή | L48: Δεν στάλθηκε | N48: =IF(M48="","",M48+4) | P48: =SUBSTITUTE(SUBSTITUTE(IF(I48="A",Μηνύματα!$B$7,Μηνύματα!$B$8),"{ΚΑΤΑΣΤΗΜΑ}",B48),"{ΟΝΟΜΑ}",Μηνύματα!$B$4) -> Γεια σας! 👋 Είμαι ο/η [Το όνομά σου] από την Anbit (anbit.gr). Μας άρεσε πολύ το Usurum Brunch & Cocktails και θα θέλαμε να σας προτείνουμε μια συνεργασία. Η Anbit είναι παραγγελία από το τραπέζι με QR + σύστημα επιβράβευσης πελατών: • Ο πελάτης σκανάρει το QR, βλέπει το μενού με φωτογραφίες (Ελληνικά/Αγγλικά) και παραγγέλνει, χωρίς εφαρμογή • Η παραγγελία έρχεται στο κινητό ή στο tablet σας με τον αριθμό τραπεζιού • Με κάθε παραγγελία μαζεύει πόντους (XP) που εξαργυρώνονται μόνο στο δικό σας μαγαζί, οπότε έχει λόγο να ξαναέρθει • Βλέπετε ποιος έρχεται, πόσο συχνά και τι παίρνει • Δεν αλλάζει τίποτα στο ταμείο: ίδιο POS, 0% προμήθεια, το στήνουμε εμείς σε 10 λεπτά • Δωρεάν προβολή στα TikTok/Instagram της Anbit και στον χάρτη της Anbit Θα σας ενδιέφερε να σας το δείξουμε από κοντά σε 10 λεπτά, όποτε σας βολεύει;
A49: 45 | B49: VS All Day Cafe Bar | C49: @vs_project_cafe | D49: Άνοιγμα | E49: Μήνυμα | F49: Αθήνα | G49: Άγιος Δημήτριος (Αγ. Δημητρίου 216) | H49: All-day Cafe-Bar | I49: A | L49: Δεν στάλθηκε | N49: =IF(M49="","",M49+4) | P49: =SUBSTITUTE(SUBSTITUTE(IF(I49="A",Μηνύματα!$B$7,Μηνύματα!$B$8),"{ΚΑΤΑΣΤΗΜΑ}",B49),"{ΟΝΟΜΑ}",Μηνύματα!$B$4) -> Γεια σας! 👋 Είμαι ο/η [Το όνομά σου] από την Anbit (anbit.gr). Μας άρεσε πολύ το VS All Day Cafe Bar και θα θέλαμε να σας προτείνουμε μια συνεργασία. Η Anbit είναι παραγγελία από το τραπέζι με QR + σύστημα επιβράβευσης πελατών: • Ο πελάτης σκανάρει το QR, βλέπει το μενού με φωτογραφίες (Ελληνικά/Αγγλικά) και παραγγέλνει, χωρίς εφαρμογή • Η παραγγελία έρχεται στο κινητό ή στο tablet σας με τον αριθμό τραπεζιού • Με κάθε παραγγελία μαζεύει πόντους (XP) που εξαργυρώνονται μόνο στο δικό σας μαγαζί, οπότε έχει λόγο να ξαναέρθει • Βλέπετε ποιος έρχεται, πόσο συχνά και τι παίρνει • Δεν αλλάζει τίποτα στο ταμείο: ίδιο POS, 0% προμήθεια, το στήνουμε εμείς σε 10 λεπτά • Δωρεάν προβολή στα TikTok/Instagram της Anbit και στον χάρτη της Anbit Θα σας ενδιέφερε να σας το δείξουμε από κοντά σε 10 λεπτά, όποτε σας βολεύει;
A50: 46 | B50: White Bear | C50: @white_bear_cafebar | D50: Άνοιγμα | E50: Μήνυμα | F50: Αθήνα | G50: Π. Φάληρο (Αχιλλέως 63) | H50: Cafe-Bar | I50: A | J50: Τηλ. 211 0133516 | L50: Δεν στάλθηκε | N50: =IF(M50="","",M50+4) | P50: =SUBSTITUTE(SUBSTITUTE(IF(I50="A",Μηνύματα!$B$7,Μηνύματα!$B$8),"{ΚΑΤΑΣΤΗΜΑ}",B50),"{ΟΝΟΜΑ}",Μηνύματα!$B$4) -> Γεια σας! 👋 Είμαι ο/η [Το όνομά σου] από την Anbit (anbit.gr). Μας άρεσε πολύ το White Bear και θα θέλαμε να σας προτείνουμε μια συνεργασία. Η Anbit είναι παραγγελία από το τραπέζι με QR + σύστημα επιβράβευσης πελατών: • Ο πελάτης σκανάρει το QR, βλέπει το μενού με φωτογραφίες (Ελληνικά/Αγγλικά) και παραγγέλνει, χωρίς εφαρμογή • Η παραγγελία έρχεται στο κινητό ή στο tablet σας με τον αριθμό τραπεζιού • Με κάθε παραγγελία μαζεύει πόντους (XP) που εξαργυρώνονται μόνο στο δικό σας μαγαζί, οπότε έχει λόγο να ξαναέρθει • Βλέπετε ποιος έρχεται, πόσο συχνά και τι παίρνει • Δεν αλλάζει τίποτα στο ταμείο: ίδιο POS, 0% προμήθεια, το στήνουμε εμείς σε 10 λεπτά • Δωρεάν προβολή στα TikTok/Instagram της Anbit και στον χάρτη της Anbit Θα σας ενδιέφερε να σας το δείξουμε από κοντά σε 10 λεπτά, όποτε σας βολεύει;
A51: 47 | B51: Άκρη Cafe | C51: @akricafekallithea_ | D51: Άνοιγμα | E51: Μήνυμα | F51: Αθήνα | G51: Καλλιθέα (Π. Τσαλδάρη 261) | H51: Cafe | I51: A | J51: Μικρό/νέο προφίλ | L51: Δεν στάλθηκε | N51: =IF(M51="","",M51+4) | P51: =SUBSTITUTE(SUBSTITUTE(IF(I51="A",Μηνύματα!$B$7,Μηνύματα!$B$8),"{ΚΑΤΑΣΤΗΜΑ}",B51),"{ΟΝΟΜΑ}",Μηνύματα!$B$4) -> Γεια σας! 👋 Είμαι ο/η [Το όνομά σου] από την Anbit (anbit.gr). Μας άρεσε πολύ το Άκρη Cafe και θα θέλαμε να σας προτείνουμε μια συνεργασία. Η Anbit είναι παραγγελία από το τραπέζι με QR + σύστημα επιβράβευσης πελατών: • Ο πελάτης σκανάρει το QR, βλέπει το μενού με φωτογραφίες (Ελληνικά/Αγγλικά) και παραγγέλνει, χωρίς εφαρμογή • Η παραγγελία έρχεται στο κινητό ή στο tablet σας με τον αριθμό τραπεζιού • Με κάθε παραγγελία μαζεύει πόντους (XP) που εξαργυρώνονται μόνο στο δικό σας μαγαζί, οπότε έχει λόγο να ξαναέρθει • Βλέπετε ποιος έρχεται, πόσο συχνά και τι παίρνει • Δεν αλλάζει τίποτα στο ταμείο: ίδιο POS, 0% προμήθεια, το στήνουμε εμείς σε 10 λεπτά • Δωρεάν προβολή στα TikTok/Instagram της Anbit και στον χάρτη της Anbit Θα σας ενδιέφερε να σας το δείξουμε από κοντά σε 10 λεπτά, όποτε σας βολεύει;
A52: 48 | B52: Αμαρυσία Coffee & Snack | C52: @amarisia_coffeesnack | D52: Άνοιγμα | E52: Μήνυμα | F52: Αθήνα | G52: Μαρούσι | H52: Coffee & Snack | I52: A | J52: Καθημερινές 08:00-16:00, delivery | L52: Δεν στάλθηκε | N52: =IF(M52="","",M52+4) | P52: =SUBSTITUTE(SUBSTITUTE(IF(I52="A",Μηνύματα!$B$7,Μηνύματα!$B$8),"{ΚΑΤΑΣΤΗΜΑ}",B52),"{ΟΝΟΜΑ}",Μηνύματα!$B$4) -> Γεια σας! 👋 Είμαι ο/η [Το όνομά σου] από την Anbit (anbit.gr). Μας άρεσε πολύ το Αμαρυσία Coffee & Snack και θα θέλαμε να σας προτείνουμε μια συνεργασία. Η Anbit είναι παραγγελία από το τραπέζι με QR + σύστημα επιβράβευσης πελατών: • Ο πελάτης σκανάρει το QR, βλέπει το μενού με φωτογραφίες (Ελληνικά/Αγγλικά) και παραγγέλνει, χωρίς εφαρμογή • Η παραγγελία έρχεται στο κινητό ή στο tablet σας με τον αριθμό τραπεζιού • Με κάθε παραγγελία μαζεύει πόντους (XP) που εξαργυρώνονται μόνο στο δικό σας μαγαζί, οπότε έχει λόγο να ξαναέρθει • Βλέπετε ποιος έρχεται, πόσο συχνά και τι παίρνει • Δεν αλλάζει τίποτα στο ταμείο: ίδιο POS, 0% προμήθεια, το στήνουμε εμείς σε 10 λεπτά • Δωρεάν προβολή στα TikTok/Instagram της Anbit και στον χάρτη της Anbit Θα σας ενδιέφερε να σας το δείξουμε από κοντά σε 10 λεπτά, όποτε σας βολεύει;
A53: 49 | B53: Ανάκατα – Συνεργατικό Καφενείο | C53: @anakata_kafeneio_cooperativa | D53: Άνοιγμα | E53: Μήνυμα | F53: Αθήνα | G53: Κάτω Πετράλωνα (Πανδώρου 85) | H53: Καφενείο | I53: A | L53: Δεν στάλθηκε | N53: =IF(M53="","",M53+4) | P53: =SUBSTITUTE(SUBSTITUTE(IF(I53="A",Μηνύματα!$B$7,Μηνύματα!$B$8),"{ΚΑΤΑΣΤΗΜΑ}",B53),"{ΟΝΟΜΑ}",Μηνύματα!$B$4) -> Γεια σας! 👋 Είμαι ο/η [Το όνομά σου] από την Anbit (anbit.gr). Μας άρεσε πολύ το Ανάκατα – Συνεργατικό Καφενείο και θα θέλαμε να σας προτείνουμε μια συνεργασία. Η Anbit είναι παραγγελία από το τραπέζι με QR + σύστημα επιβράβευσης πελατών: • Ο πελάτης σκανάρει το QR, βλέπει το μενού με φωτογραφίες (Ελληνικά/Αγγλικά) και παραγγέλνει, χωρίς εφαρμογή • Η παραγγελία έρχεται στο κινητό ή στο tablet σας με τον αριθμό τραπεζιού • Με κάθε παραγγελία μαζεύει πόντους (XP) που εξαργυρώνονται μόνο στο δικό σας μαγαζί, οπότε έχει λόγο να ξαναέρθει • Βλέπετε ποιος έρχεται, πόσο συχνά και τι παίρνει • Δεν αλλάζει τίποτα στο ταμείο: ίδιο POS, 0% προμήθεια, το στήνουμε εμείς σε 10 λεπτά • Δωρεάν προβολή στα TikTok/Instagram της Anbit και στον χάρτη της Anbit Θα σας ενδιέφερε να σας το δείξουμε από κοντά σε 10 λεπτά, όποτε σας βολεύει;
A54: 50 | B54: Βαλίτσα | C54: @valitsa80 | D54: Άνοιγμα | E54: Μήνυμα | F54: Αθήνα | G54: Άνω Πετράλωνα (Δημοφώντος 80) | H54: Cafe-Bar | I54: A | J54: Τηλ. 210 3470828 | L54: Δεν στάλθηκε | N54: =IF(M54="","",M54+4) | P54: =SUBSTITUTE(SUBSTITUTE(IF(I54="A",Μηνύματα!$B$7,Μηνύματα!$B$8),"{ΚΑΤΑΣΤΗΜΑ}",B54),"{ΟΝΟΜΑ}",Μηνύματα!$B$4) -> Γεια σας! 👋 Είμαι ο/η [Το όνομά σου] από την Anbit (anbit.gr). Μας άρεσε πολύ το Βαλίτσα και θα θέλαμε να σας προτείνουμε μια συνεργασία. Η Anbit είναι παραγγελία από το τραπέζι με QR + σύστημα επιβράβευσης πελατών: • Ο πελάτης σκανάρει το QR, βλέπει το μενού με φωτογραφίες (Ελληνικά/Αγγλικά) και παραγγέλνει, χωρίς εφαρμογή • Η παραγγελία έρχεται στο κινητό ή στο tablet σας με τον αριθμό τραπεζιού • Με κάθε παραγγελία μαζεύει πόντους (XP) που εξαργυρώνονται μόνο στο δικό σας μαγαζί, οπότε έχει λόγο να ξαναέρθει • Βλέπετε ποιος έρχεται, πόσο συχνά και τι παίρνει • Δεν αλλάζει τίποτα στο ταμείο: ίδιο POS, 0% προμήθεια, το στήνουμε εμείς σε 10 λεπτά • Δωρεάν προβολή στα TikTok/Instagram της Anbit και στον χάρτη της Anbit Θα σας ενδιέφερε να σας το δείξουμε από κοντά σε 10 λεπτά, όποτε σας βολεύει;
A55: 51 | B55: Βαρνάβα Καφέ | C55: @varnavacafe | D55: Άνοιγμα | E55: Μήνυμα | F55: Αθήνα | G55: Παγκράτι (Πλ. Βαρνάβα) | H55: Cafe-Bar | I55: A | K55: Επιβεβαίωσε περιοχή | L55: Δεν στάλθηκε | N55: =IF(M55="","",M55+4) | P55: =SUBSTITUTE(SUBSTITUTE(IF(I55="A",Μηνύματα!$B$7,Μηνύματα!$B$8),"{ΚΑΤΑΣΤΗΜΑ}",B55),"{ΟΝΟΜΑ}",Μηνύματα!$B$4) -> Γεια σας! 👋 Είμαι ο/η [Το όνομά σου] από την Anbit (anbit.gr). Μας άρεσε πολύ το Βαρνάβα Καφέ και θα θέλαμε να σας προτείνουμε μια συνεργασία. Η Anbit είναι παραγγελία από το τραπέζι με QR + σύστημα επιβράβευσης πελατών: • Ο πελάτης σκανάρει το QR, βλέπει το μενού με φωτογραφίες (Ελληνικά/Αγγλικά) και παραγγέλνει, χωρίς εφαρμογή • Η παραγγελία έρχεται στο κινητό ή στο tablet σας με τον αριθμό τραπεζιού • Με κάθε παραγγελία μαζεύει πόντους (XP) που εξαργυρώνονται μόνο στο δικό σας μαγαζί, οπότε έχει λόγο να ξαναέρθει • Βλέπετε ποιος έρχεται, πόσο συχνά και τι παίρνει • Δεν αλλάζει τίποτα στο ταμείο: ίδιο POS, 0% προμήθεια, το στήνουμε εμείς σε 10 λεπτά • Δωρεάν προβολή στα TikTok/Instagram της Anbit και στον χάρτη της Anbit Θα σας ενδιέφερε να σας το δείξουμε από κοντά σε 10 λεπτά, όποτε σας βολεύει;
A56: 52 | B56: Δέντρο All Day Bar | C56: @dentro_voula | D56: Άνοιγμα | E56: Μήνυμα | F56: Αθήνα | G56: Βούλα | H56: All-day Cafe-Bar-Restaurant | I56: A | J56: Από το 2018 | L56: Δεν στάλθηκε | N56: =IF(M56="","",M56+4) | P56: =SUBSTITUTE(SUBSTITUTE(IF(I56="A",Μηνύματα!$B$7,Μηνύματα!$B$8),"{ΚΑΤΑΣΤΗΜΑ}",B56),"{ΟΝΟΜΑ}",Μηνύματα!$B$4) -> Γεια σας! 👋 Είμαι ο/η [Το όνομά σου] από την Anbit (anbit.gr). Μας άρεσε πολύ το Δέντρο All Day Bar και θα θέλαμε να σας προτείνουμε μια συνεργασία. Η Anbit είναι παραγγελία από το τραπέζι με QR + σύστημα επιβράβευσης πελατών: • Ο πελάτης σκανάρει το QR, βλέπει το μενού με φωτογραφίες (Ελληνικά/Αγγλικά) και παραγγέλνει, χωρίς εφαρμογή • Η παραγγελία έρχεται στο κινητό ή στο tablet σας με τον αριθμό τραπεζιού • Με κάθε παραγγελία μαζεύει πόντους (XP) που εξαργυρώνονται μόνο στο δικό σας μαγαζί, οπότε έχει λόγο να ξαναέρθει • Βλέπετε ποιος έρχεται, πόσο συχνά και τι παίρνει • Δεν αλλάζει τίποτα στο ταμείο: ίδιο POS, 0% προμήθεια, το στήνουμε εμείς σε 10 λεπτά • Δωρεάν προβολή στα TikTok/Instagram της Anbit και στον χάρτη της Anbit Θα σας ενδιέφερε να σας το δείξουμε από κοντά σε 10 λεπτά, όποτε σας βολεύει;
A57: 53 | B57: ΕΔΕΜ | C57: @edem_cafe_restaurant | D57: Άνοιγμα | E57: Μήνυμα | F57: Αθήνα | G57: Π. Φάληρο (παραλία) | H57: All-day Restaurant-Cafe | I57: A | J57: Από το 1919 | L57: Δεν στάλθηκε | N57: =IF(M57="","",M57+4) | P57: =SUBSTITUTE(SUBSTITUTE(IF(I57="A",Μηνύματα!$B$7,Μηνύματα!$B$8),"{ΚΑΤΑΣΤΗΜΑ}",B57),"{ΟΝΟΜΑ}",Μηνύματα!$B$4) -> Γεια σας! 👋 Είμαι ο/η [Το όνομά σου] από την Anbit (anbit.gr). Μας άρεσε πολύ το ΕΔΕΜ και θα θέλαμε να σας προτείνουμε μια συνεργασία. Η Anbit είναι παραγγελία από το τραπέζι με QR + σύστημα επιβράβευσης πελατών: • Ο πελάτης σκανάρει το QR, βλέπει το μενού με φωτογραφίες (Ελληνικά/Αγγλικά) και παραγγέλνει, χωρίς εφαρμογή • Η παραγγελία έρχεται στο κινητό ή στο tablet σας με τον αριθμό τραπεζιού • Με κάθε παραγγελία μαζεύει πόντους (XP) που εξαργυρώνονται μόνο στο δικό σας μαγαζί, οπότε έχει λόγο να ξαναέρθει • Βλέπετε ποιος έρχεται, πόσο συχνά και τι παίρνει • Δεν αλλάζει τίποτα στο ταμείο: ίδιο POS, 0% προμήθεια, το στήνουμε εμείς σε 10 λεπτά • Δωρεάν προβολή στα TikTok/Instagram της Anbit και στον χάρτη της Anbit Θα σας ενδιέφερε να σας το δείξουμε από κοντά σε 10 λεπτά, όποτε σας βολεύει;
A58: 54 | B58: Η Σκοπά – Καφενείο Μεζεδοπωλείο | C58: @h_skopa | D58: Άνοιγμα | E58: Μήνυμα | F58: Αθήνα | G58: Κάτω Ηλιούπολη | H58: Καφενείο-Μεζεδοπωλείο | I58: A | L58: Δεν στάλθηκε | N58: =IF(M58="","",M58+4) | P58: =SUBSTITUTE(SUBSTITUTE(IF(I58="A",Μηνύματα!$B$7,Μηνύματα!$B$8),"{ΚΑΤΑΣΤΗΜΑ}",B58),"{ΟΝΟΜΑ}",Μηνύματα!$B$4) -> Γεια σας! 👋 Είμαι ο/η [Το όνομά σου] από την Anbit (anbit.gr). Μας άρεσε πολύ το Η Σκοπά – Καφενείο Μεζεδοπωλείο και θα θέλαμε να σας προτείνουμε μια συνεργασία. Η Anbit είναι παραγγελία από το τραπέζι με QR + σύστημα επιβράβευσης πελατών: • Ο πελάτης σκανάρει το QR, βλέπει το μενού με φωτογραφίες (Ελληνικά/Αγγλικά) και παραγγέλνει, χωρίς εφαρμογή • Η παραγγελία έρχεται στο κινητό ή στο tablet σας με τον αριθμό τραπεζιού • Με κάθε παραγγελία μαζεύει πόντους (XP) που εξαργυρώνονται μόνο στο δικό σας μαγαζί, οπότε έχει λόγο να ξαναέρθει • Βλέπετε ποιος έρχεται, πόσο συχνά και τι παίρνει • Δεν αλλάζει τίποτα στο ταμείο: ίδιο POS, 0% προμήθεια, το στήνουμε εμείς σε 10 λεπτά • Δωρεάν προβολή στα TikTok/Instagram της Anbit και στον χάρτη της Anbit Θα σας ενδιέφερε να σας το δείξουμε από κοντά σε 10 λεπτά, όποτε σας βολεύει;
A59: 55 | B59: Καφέ Χαρά | C59: @cafexara | D59: Άνοιγμα | E59: Μήνυμα | F59: Αθήνα | G59: Π. Φάληρο (Αχιλλέως 21) | H59: Cafe-Food-Drinks | I59: A | J59: Τηλ. 210 9803080 | L59: Δεν στάλθηκε | N59: =IF(M59="","",M59+4) | P59: =SUBSTITUTE(SUBSTITUTE(IF(I59="A",Μηνύματα!$B$7,Μηνύματα!$B$8),"{ΚΑΤΑΣΤΗΜΑ}",B59),"{ΟΝΟΜΑ}",Μηνύματα!$B$4) -> Γεια σας! 👋 Είμαι ο/η [Το όνομά σου] από την Anbit (anbit.gr). Μας άρεσε πολύ το Καφέ Χαρά και θα θέλαμε να σας προτείνουμε μια συνεργασία. Η Anbit είναι παραγγελία από το τραπέζι με QR + σύστημα επιβράβευσης πελατών: • Ο πελάτης σκανάρει το QR, βλέπει το μενού με φωτογραφίες (Ελληνικά/Αγγλικά) και παραγγέλνει, χωρίς εφαρμογή • Η παραγγελία έρχεται στο κινητό ή στο tablet σας με τον αριθμό τραπεζιού • Με κάθε παραγγελία μαζεύει πόντους (XP) που εξαργυρώνονται μόνο στο δικό σας μαγαζί, οπότε έχει λόγο να ξαναέρθει • Βλέπετε ποιος έρχεται, πόσο συχνά και τι παίρνει • Δεν αλλάζει τίποτα στο ταμείο: ίδιο POS, 0% προμήθεια, το στήνουμε εμείς σε 10 λεπτά • Δωρεάν προβολή στα TikTok/Instagram της Anbit και στον χάρτη της Anbit Θα σας ενδιέφερε να σας το δείξουμε από κοντά σε 10 λεπτά, όποτε σας βολεύει;
A60: 56 | B60: Κρέμα Cafe | C60: @crema.cafe.gr | D60: Άνοιγμα | E60: Μήνυμα | F60: Αθήνα | G60: Νέα Ιωνία | H60: Cafe / Κρουασάν | I60: A | J60: Γαλλικά κρουασάν | L60: Δεν στάλθηκε | N60: =IF(M60="","",M60+4) | P60: =SUBSTITUTE(SUBSTITUTE(IF(I60="A",Μηνύματα!$B$7,Μηνύματα!$B$8),"{ΚΑΤΑΣΤΗΜΑ}",B60),"{ΟΝΟΜΑ}",Μηνύματα!$B$4) -> Γεια σας! 👋 Είμαι ο/η [Το όνομά σου] από την Anbit (anbit.gr). Μας άρεσε πολύ το Κρέμα Cafe και θα θέλαμε να σας προτείνουμε μια συνεργασία. Η Anbit είναι παραγγελία από το τραπέζι με QR + σύστημα επιβράβευσης πελατών: • Ο πελάτης σκανάρει το QR, βλέπει το μενού με φωτογραφίες (Ελληνικά/Αγγλικά) και παραγγέλνει, χωρίς εφαρμογή • Η παραγγελία έρχεται στο κινητό ή στο tablet σας με τον αριθμό τραπεζιού • Με κάθε παραγγελία μαζεύει πόντους (XP) που εξαργυρώνονται μόνο στο δικό σας μαγαζί, οπότε έχει λόγο να ξαναέρθει • Βλέπετε ποιος έρχεται, πόσο συχνά και τι παίρνει • Δεν αλλάζει τίποτα στο ταμείο: ίδιο POS, 0% προμήθεια, το στήνουμε εμείς σε 10 λεπτά • Δωρεάν προβολή στα TikTok/Instagram της Anbit και στον χάρτη της Anbit Θα σας ενδιέφερε να σας το δείξουμε από κοντά σε 10 λεπτά, όποτε σας βολεύει;
A61: 57 | B61: Λούης Καφενείο | C61: @louis.kafeneio | D61: Άνοιγμα | E61: Μήνυμα | F61: Αθήνα | G61: Κεραμεικός (Λεωνίδου 87) | H61: Καφενείο | I61: A | L61: Δεν στάλθηκε | N61: =IF(M61="","",M61+4) | P61: =SUBSTITUTE(SUBSTITUTE(IF(I61="A",Μηνύματα!$B$7,Μηνύματα!$B$8),"{ΚΑΤΑΣΤΗΜΑ}",B61),"{ΟΝΟΜΑ}",Μηνύματα!$B$4) -> Γεια σας! 👋 Είμαι ο/η [Το όνομά σου] από την Anbit (anbit.gr). Μας άρεσε πολύ το Λούης Καφενείο και θα θέλαμε να σας προτείνουμε μια συνεργασία. Η Anbit είναι παραγγελία από το τραπέζι με QR + σύστημα επιβράβευσης πελατών: • Ο πελάτης σκανάρει το QR, βλέπει το μενού με φωτογραφίες (Ελληνικά/Αγγλικά) και παραγγέλνει, χωρίς εφαρμογή • Η παραγγελία έρχεται στο κινητό ή στο tablet σας με τον αριθμό τραπεζιού • Με κάθε παραγγελία μαζεύει πόντους (XP) που εξαργυρώνονται μόνο στο δικό σας μαγαζί, οπότε έχει λόγο να ξαναέρθει • Βλέπετε ποιος έρχεται, πόσο συχνά και τι παίρνει • Δεν αλλάζει τίποτα στο ταμείο: ίδιο POS, 0% προμήθεια, το στήνουμε εμείς σε 10 λεπτά • Δωρεάν προβολή στα TikTok/Instagram της Anbit και στον χάρτη της Anbit Θα σας ενδιέφερε να σας το δείξουμε από κοντά σε 10 λεπτά, όποτε σας βολεύει;
A62: 58 | B62: Ο Λεμονόκηπος | C62: @lemonokipos_neafiladelfeia | D62: Άνοιγμα | E62: Μήνυμα | F62: Αθήνα | G62: Νέα Φιλαδέλφεια (Αγ. Τριάδας 11) | H62: Εστιατόριο / Cafe | I62: A | K62: Επιβεβαίωσε κατηγορία | L62: Δεν στάλθηκε | N62: =IF(M62="","",M62+4) | P62: =SUBSTITUTE(SUBSTITUTE(IF(I62="A",Μηνύματα!$B$7,Μηνύματα!$B$8),"{ΚΑΤΑΣΤΗΜΑ}",B62),"{ΟΝΟΜΑ}",Μηνύματα!$B$4) -> Γεια σας! 👋 Είμαι ο/η [Το όνομά σου] από την Anbit (anbit.gr). Μας άρεσε πολύ το Ο Λεμονόκηπος και θα θέλαμε να σας προτείνουμε μια συνεργασία. Η Anbit είναι παραγγελία από το τραπέζι με QR + σύστημα επιβράβευσης πελατών: • Ο πελάτης σκανάρει το QR, βλέπει το μενού με φωτογραφίες (Ελληνικά/Αγγλικά) και παραγγέλνει, χωρίς εφαρμογή • Η παραγγελία έρχεται στο κινητό ή στο tablet σας με τον αριθμό τραπεζιού • Με κάθε παραγγελία μαζεύει πόντους (XP) που εξαργυρώνονται μόνο στο δικό σας μαγαζί, οπότε έχει λόγο να ξαναέρθει • Βλέπετε ποιος έρχεται, πόσο συχνά και τι παίρνει • Δεν αλλάζει τίποτα στο ταμείο: ίδιο POS, 0% προμήθεια, το στήνουμε εμείς σε 10 λεπτά • Δωρεάν προβολή στα TikTok/Instagram της Anbit και στον χάρτη της Anbit Θα σας ενδιέφερε να σας το δείξουμε από κοντά σε 10 λεπτά, όποτε σας βολεύει;
A63: 59 | B63: ΟΥΑΝ | C63: @ouan_pfaliro | D63: Άνοιγμα | E63: Μήνυμα | F63: Αθήνα | G63: Π. Φάληρο | H63: Καφετέρια-Ποτάδικο | I63: A | J63: 09:00-01:00 | L63: Δεν στάλθηκε | N63: =IF(M63="","",M63+4) | P63: =SUBSTITUTE(SUBSTITUTE(IF(I63="A",Μηνύματα!$B$7,Μηνύματα!$B$8),"{ΚΑΤΑΣΤΗΜΑ}",B63),"{ΟΝΟΜΑ}",Μηνύματα!$B$4) -> Γεια σας! 👋 Είμαι ο/η [Το όνομά σου] από την Anbit (anbit.gr). Μας άρεσε πολύ το ΟΥΑΝ και θα θέλαμε να σας προτείνουμε μια συνεργασία. Η Anbit είναι παραγγελία από το τραπέζι με QR + σύστημα επιβράβευσης πελατών: • Ο πελάτης σκανάρει το QR, βλέπει το μενού με φωτογραφίες (Ελληνικά/Αγγλικά) και παραγγέλνει, χωρίς εφαρμογή • Η παραγγελία έρχεται στο κινητό ή στο tablet σας με τον αριθμό τραπεζιού • Με κάθε παραγγελία μαζεύει πόντους (XP) που εξαργυρώνονται μόνο στο δικό σας μαγαζί, οπότε έχει λόγο να ξαναέρθει • Βλέπετε ποιος έρχεται, πόσο συχνά και τι παίρνει • Δεν αλλάζει τίποτα στο ταμείο: ίδιο POS, 0% προμήθεια, το στήνουμε εμείς σε 10 λεπτά • Δωρεάν προβολή στα TikTok/Instagram της Anbit και στον χάρτη της Anbit Θα σας ενδιέφερε να σας το δείξουμε από κοντά σε 10 λεπτά, όποτε σας βολεύει;
A64: 60 | B64: Παλιά Αγορά | C64: @paliaagora | D64: Άνοιγμα | E64: Μήνυμα | F64: Αθήνα | G64: Φιλοθέη | H64: All-day Coffee-Food-Wine-Cocktails | I64: A | L64: Δεν στάλθηκε | N64: =IF(M64="","",M64+4) | P64: =SUBSTITUTE(SUBSTITUTE(IF(I64="A",Μηνύματα!$B$7,Μηνύματα!$B$8),"{ΚΑΤΑΣΤΗΜΑ}",B64),"{ΟΝΟΜΑ}",Μηνύματα!$B$4) -> Γεια σας! 👋 Είμαι ο/η [Το όνομά σου] από την Anbit (anbit.gr). Μας άρεσε πολύ το Παλιά Αγορά και θα θέλαμε να σας προτείνουμε μια συνεργασία. Η Anbit είναι παραγγελία από το τραπέζι με QR + σύστημα επιβράβευσης πελατών: • Ο πελάτης σκανάρει το QR, βλέπει το μενού με φωτογραφίες (Ελληνικά/Αγγλικά) και παραγγέλνει, χωρίς εφαρμογή • Η παραγγελία έρχεται στο κινητό ή στο tablet σας με τον αριθμό τραπεζιού • Με κάθε παραγγελία μαζεύει πόντους (XP) που εξαργυρώνονται μόνο στο δικό σας μαγαζί, οπότε έχει λόγο να ξαναέρθει • Βλέπετε ποιος έρχεται, πόσο συχνά και τι παίρνει • Δεν αλλάζει τίποτα στο ταμείο: ίδιο POS, 0% προμήθεια, το στήνουμε εμείς σε 10 λεπτά • Δωρεάν προβολή στα TikTok/Instagram της Anbit και στον χάρτη της Anbit Θα σας ενδιέφερε να σας το δείξουμε από κοντά σε 10 λεπτά, όποτε σας βολεύει;
A65: 61 | B65: Παραμύθι με καφέ | C65: @paramythimecafe | D65: Άνοιγμα | E65: Μήνυμα | F65: Αθήνα | G65: Νέα Σμύρνη (πλατεία) | H65: Cafe | I65: A | J65: Από το 1997 | L65: Δεν στάλθηκε | N65: =IF(M65="","",M65+4) | P65: =SUBSTITUTE(SUBSTITUTE(IF(I65="A",Μηνύματα!$B$7,Μηνύματα!$B$8),"{ΚΑΤΑΣΤΗΜΑ}",B65),"{ΟΝΟΜΑ}",Μηνύματα!$B$4) -> Γεια σας! 👋 Είμαι ο/η [Το όνομά σου] από την Anbit (anbit.gr). Μας άρεσε πολύ το Παραμύθι με καφέ και θα θέλαμε να σας προτείνουμε μια συνεργασία. Η Anbit είναι παραγγελία από το τραπέζι με QR + σύστημα επιβράβευσης πελατών: • Ο πελάτης σκανάρει το QR, βλέπει το μενού με φωτογραφίες (Ελληνικά/Αγγλικά) και παραγγέλνει, χωρίς εφαρμογή • Η παραγγελία έρχεται στο κινητό ή στο tablet σας με τον αριθμό τραπεζιού • Με κάθε παραγγελία μαζεύει πόντους (XP) που εξαργυρώνονται μόνο στο δικό σας μαγαζί, οπότε έχει λόγο να ξαναέρθει • Βλέπετε ποιος έρχεται, πόσο συχνά και τι παίρνει • Δεν αλλάζει τίποτα στο ταμείο: ίδιο POS, 0% προμήθεια, το στήνουμε εμείς σε 10 λεπτά • Δωρεάν προβολή στα TikTok/Instagram της Anbit και στον χάρτη της Anbit Θα σας ενδιέφερε να σας το δείξουμε από κοντά σε 10 λεπτά, όποτε σας βολεύει;
A66: 62 | B66: Το Μπαρ | C66: @to.bar.athens | D66: Άνοιγμα | E66: Μήνυμα | F66: Αθήνα | G66: Κέντρο | H66: Cafe-Cocktail bar | I66: A | J66: Κ-Π 09:00-01:00, Π-Σ ως 02:00 | L66: Δεν στάλθηκε | N66: =IF(M66="","",M66+4) | P66: =SUBSTITUTE(SUBSTITUTE(IF(I66="A",Μηνύματα!$B$7,Μηνύματα!$B$8),"{ΚΑΤΑΣΤΗΜΑ}",B66),"{ΟΝΟΜΑ}",Μηνύματα!$B$4) -> Γεια σας! 👋 Είμαι ο/η [Το όνομά σου] από την Anbit (anbit.gr). Μας άρεσε πολύ το Το Μπαρ και θα θέλαμε να σας προτείνουμε μια συνεργασία. Η Anbit είναι παραγγελία από το τραπέζι με QR + σύστημα επιβράβευσης πελατών: • Ο πελάτης σκανάρει το QR, βλέπει το μενού με φωτογραφίες (Ελληνικά/Αγγλικά) και παραγγέλνει, χωρίς εφαρμογή • Η παραγγελία έρχεται στο κινητό ή στο tablet σας με τον αριθμό τραπεζιού • Με κάθε παραγγελία μαζεύει πόντους (XP) που εξαργυρώνονται μόνο στο δικό σας μαγαζί, οπότε έχει λόγο να ξαναέρθει • Βλέπετε ποιος έρχεται, πόσο συχνά και τι παίρνει • Δεν αλλάζει τίποτα στο ταμείο: ίδιο POS, 0% προμήθεια, το στήνουμε εμείς σε 10 λεπτά • Δωρεάν προβολή στα TikTok/Instagram της Anbit και στον χάρτη της Anbit Θα σας ενδιέφερε να σας το δείξουμε από κοντά σε 10 λεπτά, όποτε σας βολεύει;
A67: 63 | B67: Φλάρος | C67: @flaros.ath | D67: Άνοιγμα | E67: Μήνυμα | F67: Αθήνα | H67: Καφενείο | I67: A | J67: Κρατήσεις 210 4403818 | K67: Επιβεβαίωσε περιοχή | L67: Δεν στάλθηκε | N67: =IF(M67="","",M67+4) | P67: =SUBSTITUTE(SUBSTITUTE(IF(I67="A",Μηνύματα!$B$7,Μηνύματα!$B$8),"{ΚΑΤΑΣΤΗΜΑ}",B67),"{ΟΝΟΜΑ}",Μηνύματα!$B$4) -> Γεια σας! 👋 Είμαι ο/η [Το όνομά σου] από την Anbit (anbit.gr). Μας άρεσε πολύ το Φλάρος και θα θέλαμε να σας προτείνουμε μια συνεργασία. Η Anbit είναι παραγγελία από το τραπέζι με QR + σύστημα επιβράβευσης πελατών: • Ο πελάτης σκανάρει το QR, βλέπει το μενού με φωτογραφίες (Ελληνικά/Αγγλικά) και παραγγέλνει, χωρίς εφαρμογή • Η παραγγελία έρχεται στο κινητό ή στο tablet σας με τον αριθμό τραπεζιού • Με κάθε παραγγελία μαζεύει πόντους (XP) που εξαργυρώνονται μόνο στο δικό σας μαγαζί, οπότε έχει λόγο να ξαναέρθει • Βλέπετε ποιος έρχεται, πόσο συχνά και τι παίρνει • Δεν αλλάζει τίποτα στο ταμείο: ίδιο POS, 0% προμήθεια, το στήνουμε εμείς σε 10 λεπτά • Δωρεάν προβολή στα TikTok/Instagram της Anbit και στον χάρτη της Anbit Θα σας ενδιέφερε να σας το δείξουμε από κοντά σε 10 λεπτά, όποτε σας βολεύει;
A68: 64 | B68: AMANTE Restaurant & Cocktail Bar | C68: @amante.athens | D68: Άνοιγμα | E68: Μήνυμα | F68: Αθήνα | H68: Restaurant-Cocktail bar | I68: B | K68: Επιβεβαίωσε περιοχή | L68: Δεν στάλθηκε | N68: =IF(M68="","",M68+4) | P68: =SUBSTITUTE(SUBSTITUTE(IF(I68="A",Μηνύματα!$B$7,Μηνύματα!$B$8),"{ΚΑΤΑΣΤΗΜΑ}",B68),"{ΟΝΟΜΑ}",Μηνύματα!$B$4) -> Γεια σας! 👋 Είμαι ο/η [Το όνομά σου] από την Anbit (anbit.gr). Είδαμε το AMANTE Restaurant & Cocktail Bar και θα θέλαμε να σας προτείνουμε μια συνεργασία. Με την Anbit ο πελάτης σκανάρει ένα QR στο τραπέζι, βλέπει το μενού με φωτογραφίες σε Ελληνικά/Αγγλικά και παραγγέλνει χωρίς εφαρμογή. Η παραγγελία έρχεται κατευθείαν σε εσάς με τον αριθμό τραπεζιού, οπότε το προσωπικό κερδίζει χρόνο τις ώρες αιχμής. Επιπλέον ο πελάτης κερδίζει πόντους που εξαργυρώνει μόνο σε εσάς, οπότε έχει λόγο να επιστρέψει. Ίδιο POS, ίδια απόδειξη, 0% προμήθεια, και το στήνουμε εμείς σε 10 λεπτά. Σας προβάλλουμε επίσης δωρεάν στα social της Anbit. Θα θέλατε να σας στείλουμε περισσότερα ή να περάσουμε για μια σύντομη παρουσίαση;
A69: 65 | B69: Big Bar | C69: @big_bar_athens | D69: Άνοιγμα | E69: Μήνυμα | F69: Αθήνα | G69: Γκάζι | H69: Bar | I69: B | J69: Από το 2004 | L69: Δεν στάλθηκε | N69: =IF(M69="","",M69+4) | P69: =SUBSTITUTE(SUBSTITUTE(IF(I69="A",Μηνύματα!$B$7,Μηνύματα!$B$8),"{ΚΑΤΑΣΤΗΜΑ}",B69),"{ΟΝΟΜΑ}",Μηνύματα!$B$4) -> Γεια σας! 👋 Είμαι ο/η [Το όνομά σου] από την Anbit (anbit.gr). Είδαμε το Big Bar και θα θέλαμε να σας προτείνουμε μια συνεργασία. Με την Anbit ο πελάτης σκανάρει ένα QR στο τραπέζι, βλέπει το μενού με φωτογραφίες σε Ελληνικά/Αγγλικά και παραγγέλνει χωρίς εφαρμογή. Η παραγγελία έρχεται κατευθείαν σε εσάς με τον αριθμό τραπεζιού, οπότε το προσωπικό κερδίζει χρόνο τις ώρες αιχμής. Επιπλέον ο πελάτης κερδίζει πόντους που εξαργυρώνει μόνο σε εσάς, οπότε έχει λόγο να επιστρέψει. Ίδιο POS, ίδια απόδειξη, 0% προμήθεια, και το στήνουμε εμείς σε 10 λεπτά. Σας προβάλλουμε επίσης δωρεάν στα social της Anbit. Θα θέλατε να σας στείλουμε περισσότερα ή να περάσουμε για μια σύντομη παρουσίαση;
A70: 66 | B70: Forte Charitos | C70: @forte.kolonaki | D70: Άνοιγμα | E70: Μήνυμα | F70: Αθήνα | G70: Κολωνάκι | H70: Εστιατόριο | I70: B | J70: Τηλ. 210 7227771 | L70: Δεν στάλθηκε | N70: =IF(M70="","",M70+4) | P70: =SUBSTITUTE(SUBSTITUTE(IF(I70="A",Μηνύματα!$B$7,Μηνύματα!$B$8),"{ΚΑΤΑΣΤΗΜΑ}",B70),"{ΟΝΟΜΑ}",Μηνύματα!$B$4) -> Γεια σας! 👋 Είμαι ο/η [Το όνομά σου] από την Anbit (anbit.gr). Είδαμε το Forte Charitos και θα θέλαμε να σας προτείνουμε μια συνεργασία. Με την Anbit ο πελάτης σκανάρει ένα QR στο τραπέζι, βλέπει το μενού με φωτογραφίες σε Ελληνικά/Αγγλικά και παραγγέλνει χωρίς εφαρμογή. Η παραγγελία έρχεται κατευθείαν σε εσάς με τον αριθμό τραπεζιού, οπότε το προσωπικό κερδίζει χρόνο τις ώρες αιχμής. Επιπλέον ο πελάτης κερδίζει πόντους που εξαργυρώνει μόνο σε εσάς, οπότε έχει λόγο να επιστρέψει. Ίδιο POS, ίδια απόδειξη, 0% προμήθεια, και το στήνουμε εμείς σε 10 λεπτά. Σας προβάλλουμε επίσης δωρεάν στα social της Anbit. Θα θέλατε να σας στείλουμε περισσότερα ή να περάσουμε για μια σύντομη παρουσίαση;
A71: 67 | B71: Gazi View | C71: @gazi_view | D71: Άνοιγμα | E71: Μήνυμα | F71: Αθήνα | G71: Γκάζι | H71: Rooftop Bar | I71: B | J71: Τετ-Κυρ από 18:00 | L71: Δεν στάλθηκε | N71: =IF(M71="","",M71+4) | P71: =SUBSTITUTE(SUBSTITUTE(IF(I71="A",Μηνύματα!$B$7,Μηνύματα!$B$8),"{ΚΑΤΑΣΤΗΜΑ}",B71),"{ΟΝΟΜΑ}",Μηνύματα!$B$4) -> Γεια σας! 👋 Είμαι ο/η [Το όνομά σου] από την Anbit (anbit.gr). Είδαμε το Gazi View και θα θέλαμε να σας προτείνουμε μια συνεργασία. Με την Anbit ο πελάτης σκανάρει ένα QR στο τραπέζι, βλέπει το μενού με φωτογραφίες σε Ελληνικά/Αγγλικά και παραγγέλνει χωρίς εφαρμογή. Η παραγγελία έρχεται κατευθείαν σε εσάς με τον αριθμό τραπεζιού, οπότε το προσωπικό κερδίζει χρόνο τις ώρες αιχμής. Επιπλέον ο πελάτης κερδίζει πόντους που εξαργυρώνει μόνο σε εσάς, οπότε έχει λόγο να επιστρέψει. Ίδιο POS, ίδια απόδειξη, 0% προμήθεια, και το στήνουμε εμείς σε 10 λεπτά. Σας προβάλλουμε επίσης δωρεάν στα social της Anbit. Θα θέλατε να σας στείλουμε περισσότερα ή να περάσουμε για μια σύντομη παρουσίαση;
A72: 68 | B72: Glasshouse | C72: @glasshouse.marousi | D72: Άνοιγμα | E72: Μήνυμα | F72: Αθήνα | G72: Μαρούσι | H72: Beer & Cocktail bar | I72: B | L72: Δεν στάλθηκε | N72: =IF(M72="","",M72+4) | P72: =SUBSTITUTE(SUBSTITUTE(IF(I72="A",Μηνύματα!$B$7,Μηνύματα!$B$8),"{ΚΑΤΑΣΤΗΜΑ}",B72),"{ΟΝΟΜΑ}",Μηνύματα!$B$4) -> Γεια σας! 👋 Είμαι ο/η [Το όνομά σου] από την Anbit (anbit.gr). Είδαμε το Glasshouse και θα θέλαμε να σας προτείνουμε μια συνεργασία. Με την Anbit ο πελάτης σκανάρει ένα QR στο τραπέζι, βλέπει το μενού με φωτογραφίες σε Ελληνικά/Αγγλικά και παραγγέλνει χωρίς εφαρμογή. Η παραγγελία έρχεται κατευθείαν σε εσάς με τον αριθμό τραπεζιού, οπότε το προσωπικό κερδίζει χρόνο τις ώρες αιχμής. Επιπλέον ο πελάτης κερδίζει πόντους που εξαργυρώνει μόνο σε εσάς, οπότε έχει λόγο να επιστρέψει. Ίδιο POS, ίδια απόδειξη, 0% προμήθεια, και το στήνουμε εμείς σε 10 λεπτά. Σας προβάλλουμε επίσης δωρεάν στα social της Anbit. Θα θέλατε να σας στείλουμε περισσότερα ή να περάσουμε για μια σύντομη παρουσίαση;
A73: 69 | B73: Hanky Panky | C73: @hankypankyath | D73: Άνοιγμα | E73: Μήνυμα | F73: Αθήνα | G73: Πετράλωνα (Δινοχάρους 1) + Π. Φάληρο | H73: Street food | I73: B | J73: Ως 02:00 | L73: Δεν στάλθηκε | N73: =IF(M73="","",M73+4) | P73: =SUBSTITUTE(SUBSTITUTE(IF(I73="A",Μηνύματα!$B$7,Μηνύματα!$B$8),"{ΚΑΤΑΣΤΗΜΑ}",B73),"{ΟΝΟΜΑ}",Μηνύματα!$B$4) -> Γεια σας! 👋 Είμαι ο/η [Το όνομά σου] από την Anbit (anbit.gr). Είδαμε το Hanky Panky και θα θέλαμε να σας προτείνουμε μια συνεργασία. Με την Anbit ο πελάτης σκανάρει ένα QR στο τραπέζι, βλέπει το μενού με φωτογραφίες σε Ελληνικά/Αγγλικά και παραγγέλνει χωρίς εφαρμογή. Η παραγγελία έρχεται κατευθείαν σε εσάς με τον αριθμό τραπεζιού, οπότε το προσωπικό κερδίζει χρόνο τις ώρες αιχμής. Επιπλέον ο πελάτης κερδίζει πόντους που εξαργυρώνει μόνο σε εσάς, οπότε έχει λόγο να επιστρέψει. Ίδιο POS, ίδια απόδειξη, 0% προμήθεια, και το στήνουμε εμείς σε 10 λεπτά. Σας προβάλλουμε επίσης δωρεάν στα social της Anbit. Θα θέλατε να σας στείλουμε περισσότερα ή να περάσουμε για μια σύντομη παρουσίαση;
A74: 70 | B74: Naval Mikrolimano | C74: @naval.mikrolimano | D74: Άνοιγμα | E74: Μήνυμα | F74: Αθήνα | G74: Πειραιάς – Μικρολίμανο | H74: Gastrobar | I74: B | L74: Δεν στάλθηκε | N74: =IF(M74="","",M74+4) | P74: =SUBSTITUTE(SUBSTITUTE(IF(I74="A",Μηνύματα!$B$7,Μηνύματα!$B$8),"{ΚΑΤΑΣΤΗΜΑ}",B74),"{ΟΝΟΜΑ}",Μηνύματα!$B$4) -> Γεια σας! 👋 Είμαι ο/η [Το όνομά σου] από την Anbit (anbit.gr). Είδαμε το Naval Mikrolimano και θα θέλαμε να σας προτείνουμε μια συνεργασία. Με την Anbit ο πελάτης σκανάρει ένα QR στο τραπέζι, βλέπει το μενού με φωτογραφίες σε Ελληνικά/Αγγλικά και παραγγέλνει χωρίς εφαρμογή. Η παραγγελία έρχεται κατευθείαν σε εσάς με τον αριθμό τραπεζιού, οπότε το προσωπικό κερδίζει χρόνο τις ώρες αιχμής. Επιπλέον ο πελάτης κερδίζει πόντους που εξαργυρώνει μόνο σε εσάς, οπότε έχει λόγο να επιστρέψει. Ίδιο POS, ίδια απόδειξη, 0% προμήθεια, και το στήνουμε εμείς σε 10 λεπτά. Σας προβάλλουμε επίσης δωρεάν στα social της Anbit. Θα θέλατε να σας στείλουμε περισσότερα ή να περάσουμε για μια σύντομη παρουσίαση;
A75: 71 | B75: Nonnas Athens | C75: @nonnas.athens | D75: Άνοιγμα | E75: Μήνυμα | F75: Αθήνα | H75: Εστιατόριο | I75: B | K75: Επιβεβαίωσε περιοχή | L75: Δεν στάλθηκε | N75: =IF(M75="","",M75+4) | P75: =SUBSTITUTE(SUBSTITUTE(IF(I75="A",Μηνύματα!$B$7,Μηνύματα!$B$8),"{ΚΑΤΑΣΤΗΜΑ}",B75),"{ΟΝΟΜΑ}",Μηνύματα!$B$4) -> Γεια σας! 👋 Είμαι ο/η [Το όνομά σου] από την Anbit (anbit.gr). Είδαμε το Nonnas Athens και θα θέλαμε να σας προτείνουμε μια συνεργασία. Με την Anbit ο πελάτης σκανάρει ένα QR στο τραπέζι, βλέπει το μενού με φωτογραφίες σε Ελληνικά/Αγγλικά και παραγγέλνει χωρίς εφαρμογή. Η παραγγελία έρχεται κατευθείαν σε εσάς με τον αριθμό τραπεζιού, οπότε το προσωπικό κερδίζει χρόνο τις ώρες αιχμής. Επιπλέον ο πελάτης κερδίζει πόντους που εξαργυρώνει μόνο σε εσάς, οπότε έχει λόγο να επιστρέψει. Ίδιο POS, ίδια απόδειξη, 0% προμήθεια, και το στήνουμε εμείς σε 10 λεπτά. Σας προβάλλουμε επίσης δωρεάν στα social της Anbit. Θα θέλατε να σας στείλουμε περισσότερα ή να περάσουμε για μια σύντομη παρουσίαση;
A76: 72 | B76: oLa Ελληνικά | C76: @ola_ellinika_gazi | D76: Άνοιγμα | E76: Μήνυμα | F76: Αθήνα | G76: Κεραμεικός | H76: Μουσική σκηνή / Bar | I76: B | J76: Live ελληνική μουσική | L76: Δεν στάλθηκε | N76: =IF(M76="","",M76+4) | P76: =SUBSTITUTE(SUBSTITUTE(IF(I76="A",Μηνύματα!$B$7,Μηνύματα!$B$8),"{ΚΑΤΑΣΤΗΜΑ}",B76),"{ΟΝΟΜΑ}",Μηνύματα!$B$4) -> Γεια σας! 👋 Είμαι ο/η [Το όνομά σου] από την Anbit (anbit.gr). Είδαμε το oLa Ελληνικά και θα θέλαμε να σας προτείνουμε μια συνεργασία. Με την Anbit ο πελάτης σκανάρει ένα QR στο τραπέζι, βλέπει το μενού με φωτογραφίες σε Ελληνικά/Αγγλικά και παραγγέλνει χωρίς εφαρμογή. Η παραγγελία έρχεται κατευθείαν σε εσάς με τον αριθμό τραπεζιού, οπότε το προσωπικό κερδίζει χρόνο τις ώρες αιχμής. Επιπλέον ο πελάτης κερδίζει πόντους που εξαργυρώνει μόνο σε εσάς, οπότε έχει λόγο να επιστρέψει. Ίδιο POS, ίδια απόδειξη, 0% προμήθεια, και το στήνουμε εμείς σε 10 λεπτά. Σας προβάλλουμε επίσης δωρεάν στα social της Anbit. Θα θέλατε να σας στείλουμε περισσότερα ή να περάσουμε για μια σύντομη παρουσίαση;
A77: 73 | B77: Street Souvlaki | C77: @street_souvlaki | D77: Άνοιγμα | E77: Μήνυμα | F77: Αθήνα | G77: Κέντρο (Κολοκοτρώνη 30) + 2 στον Πειραιά | H77: Σουβλατζίδικο | I77: B | J77: 3 καταστήματα | L77: Δεν στάλθηκε | N77: =IF(M77="","",M77+4) | P77: =SUBSTITUTE(SUBSTITUTE(IF(I77="A",Μηνύματα!$B$7,Μηνύματα!$B$8),"{ΚΑΤΑΣΤΗΜΑ}",B77),"{ΟΝΟΜΑ}",Μηνύματα!$B$4) -> Γεια σας! 👋 Είμαι ο/η [Το όνομά σου] από την Anbit (anbit.gr). Είδαμε το Street Souvlaki και θα θέλαμε να σας προτείνουμε μια συνεργασία. Με την Anbit ο πελάτης σκανάρει ένα QR στο τραπέζι, βλέπει το μενού με φωτογραφίες σε Ελληνικά/Αγγλικά και παραγγέλνει χωρίς εφαρμογή. Η παραγγελία έρχεται κατευθείαν σε εσάς με τον αριθμό τραπεζιού, οπότε το προσωπικό κερδίζει χρόνο τις ώρες αιχμής. Επιπλέον ο πελάτης κερδίζει πόντους που εξαργυρώνει μόνο σε εσάς, οπότε έχει λόγο να επιστρέψει. Ίδιο POS, ίδια απόδειξη, 0% προμήθεια, και το στήνουμε εμείς σε 10 λεπτά. Σας προβάλλουμε επίσης δωρεάν στα social της Anbit. Θα θέλατε να σας στείλουμε περισσότερα ή να περάσουμε για μια σύντομη παρουσίαση;
A78: 74 | B78: Γήτεμα | C78: @gitema_neasmirni | D78: Άνοιγμα | E78: Μήνυμα | F78: Αθήνα | G78: Νέα Σμύρνη | H78: Εστίαση | I78: B | K78: Επιβεβαίωσε κατηγορία | L78: Δεν στάλθηκε | N78: =IF(M78="","",M78+4) | P78: =SUBSTITUTE(SUBSTITUTE(IF(I78="A",Μηνύματα!$B$7,Μηνύματα!$B$8),"{ΚΑΤΑΣΤΗΜΑ}",B78),"{ΟΝΟΜΑ}",Μηνύματα!$B$4) -> Γεια σας! 👋 Είμαι ο/η [Το όνομά σου] από την Anbit (anbit.gr). Είδαμε το Γήτεμα και θα θέλαμε να σας προτείνουμε μια συνεργασία. Με την Anbit ο πελάτης σκανάρει ένα QR στο τραπέζι, βλέπει το μενού με φωτογραφίες σε Ελληνικά/Αγγλικά και παραγγέλνει χωρίς εφαρμογή. Η παραγγελία έρχεται κατευθείαν σε εσάς με τον αριθμό τραπεζιού, οπότε το προσωπικό κερδίζει χρόνο τις ώρες αιχμής. Επιπλέον ο πελάτης κερδίζει πόντους που εξαργυρώνει μόνο σε εσάς, οπότε έχει λόγο να επιστρέψει. Ίδιο POS, ίδια απόδειξη, 0% προμήθεια, και το στήνουμε εμείς σε 10 λεπτά. Σας προβάλλουμε επίσης δωρεάν στα social της Anbit. Θα θέλατε να σας στείλουμε περισσότερα ή να περάσουμε για μια σύντομη παρουσίαση;
A79: 75 | B79: Εν Αιθρία | C79: @en_aithria_filadelfeia | D79: Άνοιγμα | E79: Μήνυμα | F79: Αθήνα | G79: Νέα Φιλαδέλφεια | H79: Μπυραρία / Μεζέδες | I79: B | J79: Κρατήσεις 210 2582751 | L79: Δεν στάλθηκε | N79: =IF(M79="","",M79+4) | P79: =SUBSTITUTE(SUBSTITUTE(IF(I79="A",Μηνύματα!$B$7,Μηνύματα!$B$8),"{ΚΑΤΑΣΤΗΜΑ}",B79),"{ΟΝΟΜΑ}",Μηνύματα!$B$4) -> Γεια σας! 👋 Είμαι ο/η [Το όνομά σου] από την Anbit (anbit.gr). Είδαμε το Εν Αιθρία και θα θέλαμε να σας προτείνουμε μια συνεργασία. Με την Anbit ο πελάτης σκανάρει ένα QR στο τραπέζι, βλέπει το μενού με φωτογραφίες σε Ελληνικά/Αγγλικά και παραγγέλνει χωρίς εφαρμογή. Η παραγγελία έρχεται κατευθείαν σε εσάς με τον αριθμό τραπεζιού, οπότε το προσωπικό κερδίζει χρόνο τις ώρες αιχμής. Επιπλέον ο πελάτης κερδίζει πόντους που εξαργυρώνει μόνο σε εσάς, οπότε έχει λόγο να επιστρέψει. Ίδιο POS, ίδια απόδειξη, 0% προμήθεια, και το στήνουμε εμείς σε 10 λεπτά. Σας προβάλλουμε επίσης δωρεάν στα social της Anbit. Θα θέλατε να σας στείλουμε περισσότερα ή να περάσουμε για μια σύντομη παρουσίαση;
A80: 76 | B80: Η Πόλη | C80: @h_polh | D80: Άνοιγμα | E80: Μήνυμα | F80: Αθήνα | G80: Νέα Φιλαδέλφεια (Λ. Δεκελείας 130) | H80: Εστιατόριο πολίτικης κουζίνας | I80: B | J80: Τηλ. 210 2521000 | L80: Δεν στάλθηκε | N80: =IF(M80="","",M80+4) | P80: =SUBSTITUTE(SUBSTITUTE(IF(I80="A",Μηνύματα!$B$7,Μηνύματα!$B$8),"{ΚΑΤΑΣΤΗΜΑ}",B80),"{ΟΝΟΜΑ}",Μηνύματα!$B$4) -> Γεια σας! 👋 Είμαι ο/η [Το όνομά σου] από την Anbit (anbit.gr). Είδαμε το Η Πόλη και θα θέλαμε να σας προτείνουμε μια συνεργασία. Με την Anbit ο πελάτης σκανάρει ένα QR στο τραπέζι, βλέπει το μενού με φωτογραφίες σε Ελληνικά/Αγγλικά και παραγγέλνει χωρίς εφαρμογή. Η παραγγελία έρχεται κατευθείαν σε εσάς με τον αριθμό τραπεζιού, οπότε το προσωπικό κερδίζει χρόνο τις ώρες αιχμής. Επιπλέον ο πελάτης κερδίζει πόντους που εξαργυρώνει μόνο σε εσάς, οπότε έχει λόγο να επιστρέψει. Ίδιο POS, ίδια απόδειξη, 0% προμήθεια, και το στήνουμε εμείς σε 10 λεπτά. Σας προβάλλουμε επίσης δωρεάν στα social της Anbit. Θα θέλατε να σας στείλουμε περισσότερα ή να περάσουμε για μια σύντομη παρουσίαση;
A81: 77 | B81: Καπάνι Μάρκετ | C81: @kapani.athens | D81: Άνοιγμα | E81: Μήνυμα | F81: Αθήνα | G81: Μεταξουργείο (Χίου 29) | H81: Μαγειρείο / Natural wine / Deli | I81: B | J81: Κρατήσεις μέσω link | L81: Δεν στάλθηκε | N81: =IF(M81="","",M81+4) | P81: =SUBSTITUTE(SUBSTITUTE(IF(I81="A",Μηνύματα!$B$7,Μηνύματα!$B$8),"{ΚΑΤΑΣΤΗΜΑ}",B81),"{ΟΝΟΜΑ}",Μηνύματα!$B$4) -> Γεια σας! 👋 Είμαι ο/η [Το όνομά σου] από την Anbit (anbit.gr). Είδαμε το Καπάνι Μάρκετ και θα θέλαμε να σας προτείνουμε μια συνεργασία. Με την Anbit ο πελάτης σκανάρει ένα QR στο τραπέζι, βλέπει το μενού με φωτογραφίες σε Ελληνικά/Αγγλικά και παραγγέλνει χωρίς εφαρμογή. Η παραγγελία έρχεται κατευθείαν σε εσάς με τον αριθμό τραπεζιού, οπότε το προσωπικό κερδίζει χρόνο τις ώρες αιχμής. Επιπλέον ο πελάτης κερδίζει πόντους που εξαργυρώνει μόνο σε εσάς, οπότε έχει λόγο να επιστρέψει. Ίδιο POS, ίδια απόδειξη, 0% προμήθεια, και το στήνουμε εμείς σε 10 λεπτά. Σας προβάλλουμε επίσης δωρεάν στα social της Anbit. Θα θέλατε να σας στείλουμε περισσότερα ή να περάσουμε για μια σύντομη παρουσίαση;
A82: 78 | B82: Καρδερίνα | C82: @karderina_petralona | D82: Άνοιγμα | E82: Μήνυμα | F82: Αθήνα | G82: Πετράλωνα | H82: Εστιατόριο | I82: B | J82: Παραδοσιακή κουζίνα | L82: Δεν στάλθηκε | N82: =IF(M82="","",M82+4) | P82: =SUBSTITUTE(SUBSTITUTE(IF(I82="A",Μηνύματα!$B$7,Μηνύματα!$B$8),"{ΚΑΤΑΣΤΗΜΑ}",B82),"{ΟΝΟΜΑ}",Μηνύματα!$B$4) -> Γεια σας! 👋 Είμαι ο/η [Το όνομά σου] από την Anbit (anbit.gr). Είδαμε το Καρδερίνα και θα θέλαμε να σας προτείνουμε μια συνεργασία. Με την Anbit ο πελάτης σκανάρει ένα QR στο τραπέζι, βλέπει το μενού με φωτογραφίες σε Ελληνικά/Αγγλικά και παραγγέλνει χωρίς εφαρμογή. Η παραγγελία έρχεται κατευθείαν σε εσάς με τον αριθμό τραπεζιού, οπότε το προσωπικό κερδίζει χρόνο τις ώρες αιχμής. Επιπλέον ο πελάτης κερδίζει πόντους που εξαργυρώνει μόνο σε εσάς, οπότε έχει λόγο να επιστρέψει. Ίδιο POS, ίδια απόδειξη, 0% προμήθεια, και το στήνουμε εμείς σε 10 λεπτά. Σας προβάλλουμε επίσης δωρεάν στα social της Anbit. Θα θέλατε να σας στείλουμε περισσότερα ή να περάσουμε για μια σύντομη παρουσίαση;
A83: 79 | B83: Κουτουρού Μεζετζίδικον | C83: @koutourou_mezetzidikon | D83: Άνοιγμα | E83: Μήνυμα | F83: Αθήνα | H83: Τσιπουράδικο | I83: B | J83: Τηλ. 216 2023108 | K83: Επιβεβαίωσε περιοχή | L83: Δεν στάλθηκε | N83: =IF(M83="","",M83+4) | P83: =SUBSTITUTE(SUBSTITUTE(IF(I83="A",Μηνύματα!$B$7,Μηνύματα!$B$8),"{ΚΑΤΑΣΤΗΜΑ}",B83),"{ΟΝΟΜΑ}",Μηνύματα!$B$4) -> Γεια σας! 👋 Είμαι ο/η [Το όνομά σου] από την Anbit (anbit.gr). Είδαμε το Κουτουρού Μεζετζίδικον και θα θέλαμε να σας προτείνουμε μια συνεργασία. Με την Anbit ο πελάτης σκανάρει ένα QR στο τραπέζι, βλέπει το μενού με φωτογραφίες σε Ελληνικά/Αγγλικά και παραγγέλνει χωρίς εφαρμογή. Η παραγγελία έρχεται κατευθείαν σε εσάς με τον αριθμό τραπεζιού, οπότε το προσωπικό κερδίζει χρόνο τις ώρες αιχμής. Επιπλέον ο πελάτης κερδίζει πόντους που εξαργυρώνει μόνο σε εσάς, οπότε έχει λόγο να επιστρέψει. Ίδιο POS, ίδια απόδειξη, 0% προμήθεια, και το στήνουμε εμείς σε 10 λεπτά. Σας προβάλλουμε επίσης δωρεάν στα social της Anbit. Θα θέλατε να σας στείλουμε περισσότερα ή να περάσουμε για μια σύντομη παρουσίαση;
A84: 80 | B84: Μέλισσες | C84: @melisses_mezedopoleio | D84: Άνοιγμα | E84: Μήνυμα | F84: Αθήνα | H84: Μεζεδοπωλείο-Ρακάδικο | I84: B | J84: Live κάθε Παρασκευή, τηλ. 210 2520566 | K84: Επιβεβαίωσε περιοχή | L84: Δεν στάλθηκε | N84: =IF(M84="","",M84+4) | P84: =SUBSTITUTE(SUBSTITUTE(IF(I84="A",Μηνύματα!$B$7,Μηνύματα!$B$8),"{ΚΑΤΑΣΤΗΜΑ}",B84),"{ΟΝΟΜΑ}",Μηνύματα!$B$4) -> Γεια σας! 👋 Είμαι ο/η [Το όνομά σου] από την Anbit (anbit.gr). Είδαμε το Μέλισσες και θα θέλαμε να σας προτείνουμε μια συνεργασία. Με την Anbit ο πελάτης σκανάρει ένα QR στο τραπέζι, βλέπει το μενού με φωτογραφίες σε Ελληνικά/Αγγλικά και παραγγέλνει χωρίς εφαρμογή. Η παραγγελία έρχεται κατευθείαν σε εσάς με τον αριθμό τραπεζιού, οπότε το προσωπικό κερδίζει χρόνο τις ώρες αιχμής. Επιπλέον ο πελάτης κερδίζει πόντους που εξαργυρώνει μόνο σε εσάς, οπότε έχει λόγο να επιστρέψει. Ίδιο POS, ίδια απόδειξη, 0% προμήθεια, και το στήνουμε εμείς σε 10 λεπτά. Σας προβάλλουμε επίσης δωρεάν στα social της Anbit. Θα θέλατε να σας στείλουμε περισσότερα ή να περάσουμε για μια σύντομη παρουσίαση;
A85: 81 | B85: Μικρασιάτικο Μεζεδοπωλείο | C85: @mikrasiatiko_mezedopoleio | D85: Άνοιγμα | E85: Μήνυμα | F85: Αθήνα | G85: Νέα Φιλαδέλφεια (Προύσης 12) | H85: Μεζεδοπωλείο | I85: B | J85: Τηλ. 210 2510007 | L85: Δεν στάλθηκε | N85: =IF(M85="","",M85+4) | P85: =SUBSTITUTE(SUBSTITUTE(IF(I85="A",Μηνύματα!$B$7,Μηνύματα!$B$8),"{ΚΑΤΑΣΤΗΜΑ}",B85),"{ΟΝΟΜΑ}",Μηνύματα!$B$4) -> Γεια σας! 👋 Είμαι ο/η [Το όνομά σου] από την Anbit (anbit.gr). Είδαμε το Μικρασιάτικο Μεζεδοπωλείο και θα θέλαμε να σας προτείνουμε μια συνεργασία. Με την Anbit ο πελάτης σκανάρει ένα QR στο τραπέζι, βλέπει το μενού με φωτογραφίες σε Ελληνικά/Αγγλικά και παραγγέλνει χωρίς εφαρμογή. Η παραγγελία έρχεται κατευθείαν σε εσάς με τον αριθμό τραπεζιού, οπότε το προσωπικό κερδίζει χρόνο τις ώρες αιχμής. Επιπλέον ο πελάτης κερδίζει πόντους που εξαργυρώνει μόνο σε εσάς, οπότε έχει λόγο να επιστρέψει. Ίδιο POS, ίδια απόδειξη, 0% προμήθεια, και το στήνουμε εμείς σε 10 λεπτά. Σας προβάλλουμε επίσης δωρεάν στα social της Anbit. Θα θέλατε να σας στείλουμε περισσότερα ή να περάσουμε για μια σύντομη παρουσίαση;
A86: 82 | B86: Μπαρ-Μπεε-Κιου | C86: @mpar_mpee_kiou | D86: Άνοιγμα | E86: Μήνυμα | F86: Αθήνα | G86: Πειραιάς – Πασαλιμάνι (Αγγ. Μεταξά 7) | H86: Burger bar | I86: B | J86: + Ν. Φιλαδέλφεια, Ν. Σμύρνη, Χαλάνδρι | L86: Δεν στάλθηκε | N86: =IF(M86="","",M86+4) | P86: =SUBSTITUTE(SUBSTITUTE(IF(I86="A",Μηνύματα!$B$7,Μηνύματα!$B$8),"{ΚΑΤΑΣΤΗΜΑ}",B86),"{ΟΝΟΜΑ}",Μηνύματα!$B$4) -> Γεια σας! 👋 Είμαι ο/η [Το όνομά σου] από την Anbit (anbit.gr). Είδαμε το Μπαρ-Μπεε-Κιου και θα θέλαμε να σας προτείνουμε μια συνεργασία. Με την Anbit ο πελάτης σκανάρει ένα QR στο τραπέζι, βλέπει το μενού με φωτογραφίες σε Ελληνικά/Αγγλικά και παραγγέλνει χωρίς εφαρμογή. Η παραγγελία έρχεται κατευθείαν σε εσάς με τον αριθμό τραπεζιού, οπότε το προσωπικό κερδίζει χρόνο τις ώρες αιχμής. Επιπλέον ο πελάτης κερδίζει πόντους που εξαργυρώνει μόνο σε εσάς, οπότε έχει λόγο να επιστρέψει. Ίδιο POS, ίδια απόδειξη, 0% προμήθεια, και το στήνουμε εμείς σε 10 λεπτά. Σας προβάλλουμε επίσης δωρεάν στα social της Anbit. Θα θέλατε να σας στείλουμε περισσότερα ή να περάσουμε για μια σύντομη παρουσίαση;
A87: 83 | B87: Μπαϊρακτάρης | C87: @bairaktarismonastiraki | D87: Άνοιγμα | E87: Μήνυμα | F87: Αθήνα | G87: Μοναστηράκι | H87: Ταβέρνα | I87: B | J87: Από το 1879, πολλοί τουρίστες (μενού GR/EN) | L87: Δεν στάλθηκε | N87: =IF(M87="","",M87+4) | P87: =SUBSTITUTE(SUBSTITUTE(IF(I87="A",Μηνύματα!$B$7,Μηνύματα!$B$8),"{ΚΑΤΑΣΤΗΜΑ}",B87),"{ΟΝΟΜΑ}",Μηνύματα!$B$4) -> Γεια σας! 👋 Είμαι ο/η [Το όνομά σου] από την Anbit (anbit.gr). Είδαμε το Μπαϊρακτάρης και θα θέλαμε να σας προτείνουμε μια συνεργασία. Με την Anbit ο πελάτης σκανάρει ένα QR στο τραπέζι, βλέπει το μενού με φωτογραφίες σε Ελληνικά/Αγγλικά και παραγγέλνει χωρίς εφαρμογή. Η παραγγελία έρχεται κατευθείαν σε εσάς με τον αριθμό τραπεζιού, οπότε το προσωπικό κερδίζει χρόνο τις ώρες αιχμής. Επιπλέον ο πελάτης κερδίζει πόντους που εξαργυρώνει μόνο σε εσάς, οπότε έχει λόγο να επιστρέψει. Ίδιο POS, ίδια απόδειξη, 0% προμήθεια, και το στήνουμε εμείς σε 10 λεπτά. Σας προβάλλουμε επίσης δωρεάν στα social της Anbit. Θα θέλατε να σας στείλουμε περισσότερα ή να περάσουμε για μια σύντομη παρουσίαση;
A88: 84 | B88: Μπρούλης | C88: @mproulis_metaxourgeio | D88: Άνοιγμα | E88: Μήνυμα | F88: Αθήνα | G88: Μεταξουργείο | H88: Εστιατόριο / Μεζέδες | I88: B | K88: Επιβεβαίωσε κατηγορία | L88: Δεν στάλθηκε | N88: =IF(M88="","",M88+4) | P88: =SUBSTITUTE(SUBSTITUTE(IF(I88="A",Μηνύματα!$B$7,Μηνύματα!$B$8),"{ΚΑΤΑΣΤΗΜΑ}",B88),"{ΟΝΟΜΑ}",Μηνύματα!$B$4) -> Γεια σας! 👋 Είμαι ο/η [Το όνομά σου] από την Anbit (anbit.gr). Είδαμε το Μπρούλης και θα θέλαμε να σας προτείνουμε μια συνεργασία. Με την Anbit ο πελάτης σκανάρει ένα QR στο τραπέζι, βλέπει το μενού με φωτογραφίες σε Ελληνικά/Αγγλικά και παραγγέλνει χωρίς εφαρμογή. Η παραγγελία έρχεται κατευθείαν σε εσάς με τον αριθμό τραπεζιού, οπότε το προσωπικό κερδίζει χρόνο τις ώρες αιχμής. Επιπλέον ο πελάτης κερδίζει πόντους που εξαργυρώνει μόνο σε εσάς, οπότε έχει λόγο να επιστρέψει. Ίδιο POS, ίδια απόδειξη, 0% προμήθεια, και το στήνουμε εμείς σε 10 λεπτά. Σας προβάλλουμε επίσης δωρεάν στα social της Anbit. Θα θέλατε να σας στείλουμε περισσότερα ή να περάσουμε για μια σύντομη παρουσίαση;
A89: 85 | B89: Μυροβόλος | C89: @myrovolos_metaxourgeio | D89: Άνοιγμα | E89: Μήνυμα | F89: Αθήνα | G89: Μεταξουργείο (Γιατράκου 12) | H89: Εστίαση | I89: B | K89: Επιβεβαίωσε κατηγορία | L89: Δεν στάλθηκε | N89: =IF(M89="","",M89+4) | P89: =SUBSTITUTE(SUBSTITUTE(IF(I89="A",Μηνύματα!$B$7,Μηνύματα!$B$8),"{ΚΑΤΑΣΤΗΜΑ}",B89),"{ΟΝΟΜΑ}",Μηνύματα!$B$4) -> Γεια σας! 👋 Είμαι ο/η [Το όνομά σου] από την Anbit (anbit.gr). Είδαμε το Μυροβόλος και θα θέλαμε να σας προτείνουμε μια συνεργασία. Με την Anbit ο πελάτης σκανάρει ένα QR στο τραπέζι, βλέπει το μενού με φωτογραφίες σε Ελληνικά/Αγγλικά και παραγγέλνει χωρίς εφαρμογή. Η παραγγελία έρχεται κατευθείαν σε εσάς με τον αριθμό τραπεζιού, οπότε το προσωπικό κερδίζει χρόνο τις ώρες αιχμής. Επιπλέον ο πελάτης κερδίζει πόντους που εξαργυρώνει μόνο σε εσάς, οπότε έχει λόγο να επιστρέψει. Ίδιο POS, ίδια απόδειξη, 0% προμήθεια, και το στήνουμε εμείς σε 10 λεπτά. Σας προβάλλουμε επίσης δωρεάν στα social της Anbit. Θα θέλατε να σας στείλουμε περισσότερα ή να περάσουμε για μια σύντομη παρουσίαση;
A90: 86 | B90: Ντεμέκ | C90: @ntemek | D90: Άνοιγμα | E90: Μήνυμα | F90: Αθήνα | G90: Νέα Φιλαδέλφεια (Ν. Τρυπιά 1-3) | H90: Φαγοποτείο | I90: B | K90: Επιβεβαίωσε περιοχή | L90: Δεν στάλθηκε | N90: =IF(M90="","",M90+4) | P90: =SUBSTITUTE(SUBSTITUTE(IF(I90="A",Μηνύματα!$B$7,Μηνύματα!$B$8),"{ΚΑΤΑΣΤΗΜΑ}",B90),"{ΟΝΟΜΑ}",Μηνύματα!$B$4) -> Γεια σας! 👋 Είμαι ο/η [Το όνομά σου] από την Anbit (anbit.gr). Είδαμε το Ντεμέκ και θα θέλαμε να σας προτείνουμε μια συνεργασία. Με την Anbit ο πελάτης σκανάρει ένα QR στο τραπέζι, βλέπει το μενού με φωτογραφίες σε Ελληνικά/Αγγλικά και παραγγέλνει χωρίς εφαρμογή. Η παραγγελία έρχεται κατευθείαν σε εσάς με τον αριθμό τραπεζιού, οπότε το προσωπικό κερδίζει χρόνο τις ώρες αιχμής. Επιπλέον ο πελάτης κερδίζει πόντους που εξαργυρώνει μόνο σε εσάς, οπότε έχει λόγο να επιστρέψει. Ίδιο POS, ίδια απόδειξη, 0% προμήθεια, και το στήνουμε εμείς σε 10 λεπτά. Σας προβάλλουμε επίσης δωρεάν στα social της Anbit. Θα θέλατε να σας στείλουμε περισσότερα ή να περάσουμε για μια σύντομη παρουσίαση;
A91: 87 | B91: Ο Άλλος μπαρ | C91: @o_allos_bar | D91: Άνοιγμα | E91: Μήνυμα | F91: Αθήνα | G91: Παγκράτι (Τιμοθέου 1) | H91: Bar | I91: B | L91: Δεν στάλθηκε | N91: =IF(M91="","",M91+4) | P91: =SUBSTITUTE(SUBSTITUTE(IF(I91="A",Μηνύματα!$B$7,Μηνύματα!$B$8),"{ΚΑΤΑΣΤΗΜΑ}",B91),"{ΟΝΟΜΑ}",Μηνύματα!$B$4) -> Γεια σας! 👋 Είμαι ο/η [Το όνομά σου] από την Anbit (anbit.gr). Είδαμε το Ο Άλλος μπαρ και θα θέλαμε να σας προτείνουμε μια συνεργασία. Με την Anbit ο πελάτης σκανάρει ένα QR στο τραπέζι, βλέπει το μενού με φωτογραφίες σε Ελληνικά/Αγγλικά και παραγγέλνει χωρίς εφαρμογή. Η παραγγελία έρχεται κατευθείαν σε εσάς με τον αριθμό τραπεζιού, οπότε το προσωπικό κερδίζει χρόνο τις ώρες αιχμής. Επιπλέον ο πελάτης κερδίζει πόντους που εξαργυρώνει μόνο σε εσάς, οπότε έχει λόγο να επιστρέψει. Ίδιο POS, ίδια απόδειξη, 0% προμήθεια, και το στήνουμε εμείς σε 10 λεπτά. Σας προβάλλουμε επίσης δωρεάν στα social της Anbit. Θα θέλατε να σας στείλουμε περισσότερα ή να περάσουμε για μια σύντομη παρουσίαση;
A92: 88 | B92: Ο Ένοικος Bar | C92: @enoikosbar | D92: Άνοιγμα | E92: Μήνυμα | F92: Αθήνα | G92: Εξάρχεια (Καλλιδρομίου 70) | H92: Bar | I92: B | J92: Ιστορικό στέκι από τη δεκαετία του '90 | L92: Δεν στάλθηκε | N92: =IF(M92="","",M92+4) | P92: =SUBSTITUTE(SUBSTITUTE(IF(I92="A",Μηνύματα!$B$7,Μηνύματα!$B$8),"{ΚΑΤΑΣΤΗΜΑ}",B92),"{ΟΝΟΜΑ}",Μηνύματα!$B$4) -> Γεια σας! 👋 Είμαι ο/η [Το όνομά σου] από την Anbit (anbit.gr). Είδαμε το Ο Ένοικος Bar και θα θέλαμε να σας προτείνουμε μια συνεργασία. Με την Anbit ο πελάτης σκανάρει ένα QR στο τραπέζι, βλέπει το μενού με φωτογραφίες σε Ελληνικά/Αγγλικά και παραγγέλνει χωρίς εφαρμογή. Η παραγγελία έρχεται κατευθείαν σε εσάς με τον αριθμό τραπεζιού, οπότε το προσωπικό κερδίζει χρόνο τις ώρες αιχμής. Επιπλέον ο πελάτης κερδίζει πόντους που εξαργυρώνει μόνο σε εσάς, οπότε έχει λόγο να επιστρέψει. Ίδιο POS, ίδια απόδειξη, 0% προμήθεια, και το στήνουμε εμείς σε 10 λεπτά. Σας προβάλλουμε επίσης δωρεάν στα social της Anbit. Θα θέλατε να σας στείλουμε περισσότερα ή να περάσουμε για μια σύντομη παρουσίαση;
A93: 89 | B93: Ουζερί Η Άποψις | C93: @ouzeriapopsis | D93: Άνοιγμα | E93: Μήνυμα | F93: Αθήνα | G93: Χαλάνδρι | H93: Ουζερί | I93: B | J93: Θαλασσινοί μεζέδες | L93: Δεν στάλθηκε | N93: =IF(M93="","",M93+4) | P93: =SUBSTITUTE(SUBSTITUTE(IF(I93="A",Μηνύματα!$B$7,Μηνύματα!$B$8),"{ΚΑΤΑΣΤΗΜΑ}",B93),"{ΟΝΟΜΑ}",Μηνύματα!$B$4) -> Γεια σας! 👋 Είμαι ο/η [Το όνομά σου] από την Anbit (anbit.gr). Είδαμε το Ουζερί Η Άποψις και θα θέλαμε να σας προτείνουμε μια συνεργασία. Με την Anbit ο πελάτης σκανάρει ένα QR στο τραπέζι, βλέπει το μενού με φωτογραφίες σε Ελληνικά/Αγγλικά και παραγγέλνει χωρίς εφαρμογή. Η παραγγελία έρχεται κατευθείαν σε εσάς με τον αριθμό τραπεζιού, οπότε το προσωπικό κερδίζει χρόνο τις ώρες αιχμής. Επιπλέον ο πελάτης κερδίζει πόντους που εξαργυρώνει μόνο σε εσάς, οπότε έχει λόγο να επιστρέψει. Ίδιο POS, ίδια απόδειξη, 0% προμήθεια, και το στήνουμε εμείς σε 10 λεπτά. Σας προβάλλουμε επίσης δωρεάν στα social της Anbit. Θα θέλατε να σας στείλουμε περισσότερα ή να περάσουμε για μια σύντομη παρουσίαση;
A94: 90 | B94: Πάμε Τσίπουρο Φωκίωνος | C94: @pametsipouro_fokionos_official | D94: Άνοιγμα | E94: Μήνυμα | F94: Αθήνα | G94: Κυψέλη (Φωκίωνος Νέγρη 50) | H94: Τσιπουράδικο / Μεζέδες | I94: B | J94: Από 09:00, live βραδιές | L94: Δεν στάλθηκε | N94: =IF(M94="","",M94+4) | P94: =SUBSTITUTE(SUBSTITUTE(IF(I94="A",Μηνύματα!$B$7,Μηνύματα!$B$8),"{ΚΑΤΑΣΤΗΜΑ}",B94),"{ΟΝΟΜΑ}",Μηνύματα!$B$4) -> Γεια σας! 👋 Είμαι ο/η [Το όνομά σου] από την Anbit (anbit.gr). Είδαμε το Πάμε Τσίπουρο Φωκίωνος και θα θέλαμε να σας προτείνουμε μια συνεργασία. Με την Anbit ο πελάτης σκανάρει ένα QR στο τραπέζι, βλέπει το μενού με φωτογραφίες σε Ελληνικά/Αγγλικά και παραγγέλνει χωρίς εφαρμογή. Η παραγγελία έρχεται κατευθείαν σε εσάς με τον αριθμό τραπεζιού, οπότε το προσωπικό κερδίζει χρόνο τις ώρες αιχμής. Επιπλέον ο πελάτης κερδίζει πόντους που εξαργυρώνει μόνο σε εσάς, οπότε έχει λόγο να επιστρέψει. Ίδιο POS, ίδια απόδειξη, 0% προμήθεια, και το στήνουμε εμείς σε 10 λεπτά. Σας προβάλλουμε επίσης δωρεάν στα social της Anbit. Θα θέλατε να σας στείλουμε περισσότερα ή να περάσουμε για μια σύντομη παρουσίαση;
A95: 91 | B95: Σουβλατζίδικο Γυροβολιές | C95: @gyrovoliesofficial | D95: Άνοιγμα | E95: Μήνυμα | F95: Αθήνα | G95: Πλ. Κολωνού (Επιδαύρου 40) | H95: Σουβλατζίδικο | I95: B | J95: Τηλ. 210 5142594 | L95: Δεν στάλθηκε | N95: =IF(M95="","",M95+4) | P95: =SUBSTITUTE(SUBSTITUTE(IF(I95="A",Μηνύματα!$B$7,Μηνύματα!$B$8),"{ΚΑΤΑΣΤΗΜΑ}",B95),"{ΟΝΟΜΑ}",Μηνύματα!$B$4) -> Γεια σας! 👋 Είμαι ο/η [Το όνομά σου] από την Anbit (anbit.gr). Είδαμε το Σουβλατζίδικο Γυροβολιές και θα θέλαμε να σας προτείνουμε μια συνεργασία. Με την Anbit ο πελάτης σκανάρει ένα QR στο τραπέζι, βλέπει το μενού με φωτογραφίες σε Ελληνικά/Αγγλικά και παραγγέλνει χωρίς εφαρμογή. Η παραγγελία έρχεται κατευθείαν σε εσάς με τον αριθμό τραπεζιού, οπότε το προσωπικό κερδίζει χρόνο τις ώρες αιχμής. Επιπλέον ο πελάτης κερδίζει πόντους που εξαργυρώνει μόνο σε εσάς, οπότε έχει λόγο να επιστρέψει. Ίδιο POS, ίδια απόδειξη, 0% προμήθεια, και το στήνουμε εμείς σε 10 λεπτά. Σας προβάλλουμε επίσης δωρεάν στα social της Anbit. Θα θέλατε να σας στείλουμε περισσότερα ή να περάσουμε για μια σύντομη παρουσίαση;
A96: 92 | B96: Στις 5 γύρες | C96: @stis5gires.gr | D96: Άνοιγμα | E96: Μήνυμα | F96: Αθήνα | G96: Αγία Παρασκευή (Κοραή 5) | H96: Τσιπουράδικο | I96: B | J96: Τηλ. 210 6522299 | L96: Δεν στάλθηκε | N96: =IF(M96="","",M96+4) | P96: =SUBSTITUTE(SUBSTITUTE(IF(I96="A",Μηνύματα!$B$7,Μηνύματα!$B$8),"{ΚΑΤΑΣΤΗΜΑ}",B96),"{ΟΝΟΜΑ}",Μηνύματα!$B$4) -> Γεια σας! 👋 Είμαι ο/η [Το όνομά σου] από την Anbit (anbit.gr). Είδαμε το Στις 5 γύρες και θα θέλαμε να σας προτείνουμε μια συνεργασία. Με την Anbit ο πελάτης σκανάρει ένα QR στο τραπέζι, βλέπει το μενού με φωτογραφίες σε Ελληνικά/Αγγλικά και παραγγέλνει χωρίς εφαρμογή. Η παραγγελία έρχεται κατευθείαν σε εσάς με τον αριθμό τραπεζιού, οπότε το προσωπικό κερδίζει χρόνο τις ώρες αιχμής. Επιπλέον ο πελάτης κερδίζει πόντους που εξαργυρώνει μόνο σε εσάς, οπότε έχει λόγο να επιστρέψει. Ίδιο POS, ίδια απόδειξη, 0% προμήθεια, και το στήνουμε εμείς σε 10 λεπτά. Σας προβάλλουμε επίσης δωρεάν στα social της Anbit. Θα θέλατε να σας στείλουμε περισσότερα ή να περάσουμε για μια σύντομη παρουσίαση;
A97: 93 | B97: Ταβέρνα Θέα | C97: @taverna_thea20 | D97: Άνοιγμα | E97: Μήνυμα | F97: Αθήνα | G97: Αχαρνές (Τατοΐου) | H97: Εξοχική Ταβέρνα | I97: B | L97: Δεν στάλθηκε | N97: =IF(M97="","",M97+4) | P97: =SUBSTITUTE(SUBSTITUTE(IF(I97="A",Μηνύματα!$B$7,Μηνύματα!$B$8),"{ΚΑΤΑΣΤΗΜΑ}",B97),"{ΟΝΟΜΑ}",Μηνύματα!$B$4) -> Γεια σας! 👋 Είμαι ο/η [Το όνομά σου] από την Anbit (anbit.gr). Είδαμε το Ταβέρνα Θέα και θα θέλαμε να σας προτείνουμε μια συνεργασία. Με την Anbit ο πελάτης σκανάρει ένα QR στο τραπέζι, βλέπει το μενού με φωτογραφίες σε Ελληνικά/Αγγλικά και παραγγέλνει χωρίς εφαρμογή. Η παραγγελία έρχεται κατευθείαν σε εσάς με τον αριθμό τραπεζιού, οπότε το προσωπικό κερδίζει χρόνο τις ώρες αιχμής. Επιπλέον ο πελάτης κερδίζει πόντους που εξαργυρώνει μόνο σε εσάς, οπότε έχει λόγο να επιστρέψει. Ίδιο POS, ίδια απόδειξη, 0% προμήθεια, και το στήνουμε εμείς σε 10 λεπτά. Σας προβάλλουμε επίσης δωρεάν στα social της Anbit. Θα θέλατε να σας στείλουμε περισσότερα ή να περάσουμε για μια σύντομη παρουσίαση;
A98: 94 | B98: Ταβέρνα Οικονόμου 1930 | C98: @taverna.oikonomou | D98: Άνοιγμα | E98: Μήνυμα | F98: Αθήνα | G98: Πετράλωνα | H98: Ταβέρνα | I98: B | J98: Από το 1930 | L98: Δεν στάλθηκε | N98: =IF(M98="","",M98+4) | P98: =SUBSTITUTE(SUBSTITUTE(IF(I98="A",Μηνύματα!$B$7,Μηνύματα!$B$8),"{ΚΑΤΑΣΤΗΜΑ}",B98),"{ΟΝΟΜΑ}",Μηνύματα!$B$4) -> Γεια σας! 👋 Είμαι ο/η [Το όνομά σου] από την Anbit (anbit.gr). Είδαμε το Ταβέρνα Οικονόμου 1930 και θα θέλαμε να σας προτείνουμε μια συνεργασία. Με την Anbit ο πελάτης σκανάρει ένα QR στο τραπέζι, βλέπει το μενού με φωτογραφίες σε Ελληνικά/Αγγλικά και παραγγέλνει χωρίς εφαρμογή. Η παραγγελία έρχεται κατευθείαν σε εσάς με τον αριθμό τραπεζιού, οπότε το προσωπικό κερδίζει χρόνο τις ώρες αιχμής. Επιπλέον ο πελάτης κερδίζει πόντους που εξαργυρώνει μόνο σε εσάς, οπότε έχει λόγο να επιστρέψει. Ίδιο POS, ίδια απόδειξη, 0% προμήθεια, και το στήνουμε εμείς σε 10 λεπτά. Σας προβάλλουμε επίσης δωρεάν στα social της Anbit. Θα θέλατε να σας στείλουμε περισσότερα ή να περάσουμε για μια σύντομη παρουσίαση;
A99: 95 | B99: Τεμπεσίρι | C99: @tempesiri.mezedopwleio | D99: Άνοιγμα | E99: Μήνυμα | F99: Αθήνα | H99: Μεζεδοπωλείο | I99: B | J99: Τηλ. 213 0291234 | K99: Επιβεβαίωσε περιοχή | L99: Δεν στάλθηκε | N99: =IF(M99="","",M99+4) | P99: =SUBSTITUTE(SUBSTITUTE(IF(I99="A",Μηνύματα!$B$7,Μηνύματα!$B$8),"{ΚΑΤΑΣΤΗΜΑ}",B99),"{ΟΝΟΜΑ}",Μηνύματα!$B$4) -> Γεια σας! 👋 Είμαι ο/η [Το όνομά σου] από την Anbit (anbit.gr). Είδαμε το Τεμπεσίρι και θα θέλαμε να σας προτείνουμε μια συνεργασία. Με την Anbit ο πελάτης σκανάρει ένα QR στο τραπέζι, βλέπει το μενού με φωτογραφίες σε Ελληνικά/Αγγλικά και παραγγέλνει χωρίς εφαρμογή. Η παραγγελία έρχεται κατευθείαν σε εσάς με τον αριθμό τραπεζιού, οπότε το προσωπικό κερδίζει χρόνο τις ώρες αιχμής. Επιπλέον ο πελάτης κερδίζει πόντους που εξαργυρώνει μόνο σε εσάς, οπότε έχει λόγο να επιστρέψει. Ίδιο POS, ίδια απόδειξη, 0% προμήθεια, και το στήνουμε εμείς σε 10 λεπτά. Σας προβάλλουμε επίσης δωρεάν στα social της Anbit. Θα θέλατε να σας στείλουμε περισσότερα ή να περάσουμε για μια σύντομη παρουσίαση;
A100: 96 | B100: Το Μικιό | C100: @tomikiopfaliro | D100: Άνοιγμα | E100: Μήνυμα | F100: Αθήνα | G100: Π. Φάληρο (Αγ. Αλεξάνδρου 58) | H100: Κρητικό Μεζεδοπωλείο | I100: B | L100: Δεν στάλθηκε | N100: =IF(M100="","",M100+4) | P100: =SUBSTITUTE(SUBSTITUTE(IF(I100="A",Μηνύματα!$B$7,Μηνύματα!$B$8),"{ΚΑΤΑΣΤΗΜΑ}",B100),"{ΟΝΟΜΑ}",Μηνύματα!$B$4) -> Γεια σας! 👋 Είμαι ο/η [Το όνομά σου] από την Anbit (anbit.gr). Είδαμε το Το Μικιό και θα θέλαμε να σας προτείνουμε μια συνεργασία. Με την Anbit ο πελάτης σκανάρει ένα QR στο τραπέζι, βλέπει το μενού με φωτογραφίες σε Ελληνικά/Αγγλικά και παραγγέλνει χωρίς εφαρμογή. Η παραγγελία έρχεται κατευθείαν σε εσάς με τον αριθμό τραπεζιού, οπότε το προσωπικό κερδίζει χρόνο τις ώρες αιχμής. Επιπλέον ο πελάτης κερδίζει πόντους που εξαργυρώνει μόνο σε εσάς, οπότε έχει λόγο να επιστρέψει. Ίδιο POS, ίδια απόδειξη, 0% προμήθεια, και το στήνουμε εμείς σε 10 λεπτά. Σας προβάλλουμε επίσης δωρεάν στα social της Anbit. Θα θέλατε να σας στείλουμε περισσότερα ή να περάσουμε για μια σύντομη παρουσίαση;
A101: 97 | B101: Το σουβλάκι της Σαρρή | C101: @tosouvlakitissarri | D101: Άνοιγμα | E101: Μήνυμα | F101: Αθήνα | G101: Ψυρρή (Σαρρή 36) | H101: Σουβλατζίδικο | I101: B | J101: 12:00-01:00, τηλ. 210 3315439 | L101: Δεν στάλθηκε | N101: =IF(M101="","",M101+4) | P101: =SUBSTITUTE(SUBSTITUTE(IF(I101="A",Μηνύματα!$B$7,Μηνύματα!$B$8),"{ΚΑΤΑΣΤΗΜΑ}",B101),"{ΟΝΟΜΑ}",Μηνύματα!$B$4) -> Γεια σας! 👋 Είμαι ο/η [Το όνομά σου] από την Anbit (anbit.gr). Είδαμε το Το σουβλάκι της Σαρρή και θα θέλαμε να σας προτείνουμε μια συνεργασία. Με την Anbit ο πελάτης σκανάρει ένα QR στο τραπέζι, βλέπει το μενού με φωτογραφίες σε Ελληνικά/Αγγλικά και παραγγέλνει χωρίς εφαρμογή. Η παραγγελία έρχεται κατευθείαν σε εσάς με τον αριθμό τραπεζιού, οπότε το προσωπικό κερδίζει χρόνο τις ώρες αιχμής. Επιπλέον ο πελάτης κερδίζει πόντους που εξαργυρώνει μόνο σε εσάς, οπότε έχει λόγο να επιστρέψει. Ίδιο POS, ίδια απόδειξη, 0% προμήθεια, και το στήνουμε εμείς σε 10 λεπτά. Σας προβάλλουμε επίσης δωρεάν στα social της Anbit. Θα θέλατε να σας στείλουμε περισσότερα ή να περάσουμε για μια σύντομη παρουσίαση;
...

Sheet Μηνύματα
A1: Πρότυπα μηνυμάτων για Instagram DM
A2: Άλλαξε το κείμενο εδώ και ενημερώνεται αυτόματα η στήλη «Έτοιμο μήνυμα» στο φύλλο Λογαριασμοί. Το {ΚΑΤΑΣΤΗΜΑ} γίνεται το όνομα του μαγαζιού και το {ΟΝΟΜΑ} το όνομά σου.
A4: Το όνομά σου (συμπλήρωσε) | B4: [Το όνομά σου]
A6: Πρότυπο | B6: Κείμενο
A7: 1ο μήνυμα – Καφέ / All-day / Brunch (προτεραιότητα A) | B7: Γεια σας! 👋 Είμαι ο/η {ΟΝΟΜΑ} από την Anbit (anbit.gr). Μας άρεσε πολύ το {ΚΑΤΑΣΤΗΜΑ} και θα θέλαμε να σας προτείνουμε μια συνεργασία. Η Anbit είναι παραγγελία από το τραπέζι με QR + σύστημα επιβράβευσης πελατών: • Ο πελάτης σκανάρει το QR, βλέπει το μενού με φωτογραφίες (Ελληνικά/Αγγλικά) και παραγγέλνει, χωρίς εφαρμογή • Η παραγγελία έρχεται στο κινητό ή στο tablet σας με τον αριθμό τραπεζιού • Με κάθε παραγγελία μαζεύει πόντους (XP) που εξαργυρώνονται μόνο στο δικό σας μαγαζί, οπότε έχει λόγο να ξαναέρθει • Βλέπετε ποιος έρχεται, πόσο συχνά και τι παίρνει • Δεν αλλάζει τίποτα στο ταμείο: ίδιο POS, 0% προμήθεια, το στήνουμε εμείς σε 10 λεπτά • Δωρεάν προβολή στα TikTok/Instagram της Anbit και στον χάρτη της Anbit Θα σας ενδιέφερε να σας το δείξουμε από κοντά σε 10 λεπτά, όποτε σας βολεύει;
A8: 1ο μήνυμα – Bar / Ταβέρνα / Εστιατόριο / Street food (προτεραιότητα B, C) | B8: Γεια σας! 👋 Είμαι ο/η {ΟΝΟΜΑ} από την Anbit (anbit.gr). Είδαμε το {ΚΑΤΑΣΤΗΜΑ} και θα θέλαμε να σας προτείνουμε μια συνεργασία. Με την Anbit ο πελάτης σκανάρει ένα QR στο τραπέζι, βλέπει το μενού με φωτογραφίες σε Ελληνικά/Αγγλικά και παραγγέλνει χωρίς εφαρμογή. Η παραγγελία έρχεται κατευθείαν σε εσάς με τον αριθμό τραπεζιού, οπότε το προσωπικό κερδίζει χρόνο τις ώρες αιχμής. Επιπλέον ο πελάτης κερδίζει πόντους που εξαργυρώνει μόνο σε εσάς, οπότε έχει λόγο να επιστρέψει. Ίδιο POS, ίδια απόδειξη, 0% προμήθεια, και το στήνουμε εμείς σε 10 λεπτά. Σας προβάλλουμε επίσης δωρεάν στα social της Anbit. Θα θέλατε να σας στείλουμε περισσότερα ή να περάσουμε για μια σύντομη παρουσίαση;
A9: Follow-up (3-4 μέρες μετά, αν δεν απαντήσουν) | B9: Καλησπέρα ξανά από την Anbit! 😊 Ήθελα απλώς να δω αν είδατε το μήνυμά μου για το QR ordering με επιβράβευση πελατών για το {ΚΑΤΑΣΤΗΜΑ}. Αν σας ενδιαφέρει, περνάμε όποτε σας βολεύει για 10 λεπτά, χωρίς καμία δέσμευση. Μπορείτε να δείτε και περισσότερα στο anbit.gr
A10: Απάντηση: «Πόσο κοστίζει;» | B10: Ευχαριστούμε για το ενδιαφέρον! Η Anbit δεν παίρνει καμία προμήθεια από τις παραγγελίες (0%), αφού ο πελάτης πληρώνει όπως πάντα στο ταμείο σας. Το κόστος είναι [ΣΥΜΠΛΗΡΩΣΕ ΤΙΜΗ/ΠΑΚΕΤΟ]. Θέλετε να κλείσουμε μια σύντομη παρουσίαση για να το δείτε στην πράξη στο {ΚΑΤΑΣΤΗΜΑ};
